0.02587215,0.05064493,0.07075955,0.21131155,0.24643916,0.13026491,0.04051209,1
0.05949368,0.07805324,0.18456914,0.29434389,0.23021474,0.08804881,0.02594358,1
0.30733469,0.02571083,0.0210846,0.00341859,0.01462616,0.0192358,0.05337877,1
0.34759367,0.03989311,0.00742545,0.00293501,0.00907975,0.00343956,0.00844775,1
0.00652776,0.00346921,0.00442122,0.03075361,0.1695589,0.1790185,0.06432591,1
0.10825776,0.27676138,0.20848806,0.09412754,0.19938761,0.12866977,0.08813975,1
0.04850677,0.06787506,0.07180476,0.11593986,0.311037,0.18491887,0.07294627,1
0.11557547,0.11526532,0.05242204,0.08632366,0.12035181,0.0966518,0.13355751,1
0.00183684,0.00074294,0.00298919,0.06131678,0.44481069,0.19383019,0.00530278,1
0.02009006,0.06783855,0.06930645,0.11038513,0.10768137,0.07665991,0.07532018,1
0.00153328,0., 4.29603169e-05,0.22406144,0.42621586,0.04202487,0.00335705,1
0.14204951,0.16463494,0.1181111,0.08483905,0.06601116,0.10160106,0.08481367,1
0.0610349,0.05076585,0.06617318,0.16547994,0.23244795,0.13945444,0.1601076,1
0.00248748,0.00214461,0.01077738,0.13770328,0.34756899,0.26031059,0.05019813,1
0.05757344,0.12496608,0.13700776,0.1044613,0.05053148,0.07089327,0.0541457,1
0.17688769,0.15281068,0.09425019,0.05730043,0.07337824,0.09897677,0.14991412,1
0.09092507,0.11118369,0.17526148,0.2599217,0.28870806,0.22184055,0.07893161,1
0.00308484,0.01477597,0.08942272,0.3083182,0.34674495,0.07149773,0.00135272,1
0.04987003,0.05043606,0.10314602,0.25734317,0.10541486,0.09654482,0.26946712,1
0.00664675,0.02227954,0.05997674,0.11187722,0.40931699,0.10352241,0.00706411,1
0.1777803,0.1745245,0.11244056,0.17152587,0.15344054,0.08581293,0.17169915,0
0.22014315,0.07558978,0.09158775,0.12807775,0.1496215,0.18117596,0.20495701,0
0.0815777,0.07627873,0.1922351,0.29346278,0.29346278,0.13091795,0.0290794,0
0.01317247,0.01450795,0.03383363,0.05703495,0.30201,0.19164307,0.02495083,0
0.02413979,0.01816807,0.06359753,0.33177009,0.34888449,0.10434888,0.01365427,0
0.00599096,0.01169821,0.03429613,0.27124193,0.31562707,0.21898118,0.03728118,0
0.10031816,0.06900928,0.06151098,0.06894489,0.09401794,0.08628654,0.06876203,0
0.07514963,0.06792154,0.10375275,0.10354269,0.11357187,0.230289,0.23432902,0
0.05495281,0.05987651,0.08330682,0.07941355,0.18676576,0.31223598,0.22952232,0
0.03136689,0.03494017,0.03127478,0.0575899,0.09105715,0.06607698,0.02337085,0
0.16404338,0.042231,0.11372645,0.13513222,0.12933818,0.21402712,0.15419491,0
0.09820902,0.16106082,0.16270857,0.19599643,0.16662732,0.09444425,0.05548123,0
0.15088519,0.06921295,0.1108015,0.0652567,0.12856887,0.25284395,0.24396428,0
0.04446489,0.0163486,0.01779378,0.05854873,0.20791638,0.30733511,0.29478845,0
0.11295094,0.06092755,0.05758138,0.09005187,0.18438032,0.26306972,0.10317757,0
0.0031534,0.00837953,0.00918614,0.04311097,0.34953827,0.34953827,0.0214256,0
0.00230219,0.00500013,0.09256896,0.33756992,0.33756992,0.08913542,0.01899819,0
0.15146038,0.25681019,0.16412432,0.22844656,0.21621861,0.24422266,0.1452616,0
0.24002948,0.23976195,0.13681853,0.17594035,0.11181862,0.14395107,0.10301428,0
0.03483189,0.0542897,0.11876613,0.19542539,0.2294966,0.13742961,0.06031032,0
0.01984313,0.02180225,0.06541339,0.18691954,0.3703483,0.10786675,0.02109618,0
0.01042852,0.00961224,0.25742844,0.35930344,0.35930344,0.16412605,0.05695373,0
0.03112467,0.13981034,0.15753864,0.1737228,0.19553505,0.20958793,0.06361039,0
0.09951491,0.12765419,0.08184762,0.10611194,0.26374239,0.18205373,0.09521516,0
0.16058595,0.07936297,0.06720762,0.07400933,0.23986895,0.23986895,0.23986895,0
0.08985948,0.22684409,0.24660599,0.12509917,0.09271229,0.06335039,0.14918056,0
0.15244612,0.06097518,0.06274617,0.07618666,0.09081742,0.1132504,0.15959355,0
0.12941676,0.03276011,0.02962639,0.04500031,0.05837896,0.0200587,0.02533729,0
0.07699567,0.01900446,0.04729999,0.16688864,0.24992095,0.23985258,0.08429865,0
0.2388064,0.19003405,0.1562544,0.17648558,0.24825621,0.16579621,0.14053962,0
0.24556683,0.14142674,0.06849426,0.06187375,0.06672251,0.08072336,0.0416155,0
0.03686017,0.04737303,0.08535019,0.15988302,0.2770611,0.15109451,0.06411969,0
0.20127407,0.04497148,0.02620099,0.05084344,0.09189329,0.13866854,0.20548791,0
0.12967019,0.06501751,0.10417296,0.12850273,0.15824871,0.08820719,0.14710829,0
0.07532975,0.18539886,0.19072762,0.0929485,0.12680063,0.16828342,0.21800297,0
0.23086637,0.11486354,0.06763846,0.13327169,0.22383761,0.16358669,0.09634729,0
0.04813284,0.18738954,0.13056436,0.21226884,0.27435362,0.15162329,0.06297165,0
0.30135402,0.13324861,0.08410237,0.04868739,0.09893028,0.09212636,0.14576486,0
0.06754768,0.05354531,0.16167794,0.23316169,0.05486349,0.03108066,0.04615803,0
0.05219894,0.07561405,0.09034229,0.12938358,0.24154462,0.06929266,0.03207093,0
0.0740957,0.07779978,0.1036273,0.07090484,0.18782192,0.13198383,0.03251603,0
0.21036352,0.13783954,0.055985,0.05529367,0.22419003,0.04980889,0.03574941,0
0.03980092,0.06976013,0.2402166,0.26149684,0.34491712,0.30461174,0.02104156,0
0.30265665,0.10422204,0.12665111,0.05181988,0.11472952,0.02743273,0.04694989,0
0.0516559,0.09385063,0.15658486,0.11760782,0.27171251,0.14776738,0.13007149,0
0.05907938,0.04960688,0.08897783,0.18150392,0.159061,0.02990833,0.01655329,0
0.04249826,0.0455814,0.07104019,0.17086133,0.46703798,0.15146713,0.08363151,0
0.07502485,0.07334627,0.14623156,0.27539825,0.32222614,0.15451372,0.04738879,0
0.06620479,0.0063377,0.02414727,0.03300795,0.06760818,0.05705704,0.12676664,0
0.1182132,0.05681507,0.0309887,0.10945285,0.2386318,0.13071725,0.19362365,0
0.07178462,0.13404152,0.06749325,0.09683735,0.23747091,0.15309596,0.15723707,0
0.1996884,0.12413513,0.28275716,0.22034842,0.11538278,0.09382205,0.06585503,0
0.10456713,0.2618908,0.2618908,0.14605547,0.14937614,0.06417235,0.02644763,0
0.0225665,0.01033984,0.03247418,0.07732186,0.29923555,0.29923555,0.12093268,0
0.05401454,0.07411586,0.06045581,0.10368989,0.194197,0.09590069,0.04392078,0
0.03036281,0.06691232,0.14203243,0.18720506,0.2018459,0.08256091,0.03636011,0
0.02277396,0.02140596,0.0515282,0.16192089,0.20291713,0.09576748,0.04697378,0
0.17155719,0.15837544,0.12840001,0.16231416,0.23472425,0.16719052,0.12901969,0
0.1237599,0.00187545,0.00523905,0.07764013,0.2318792,0.18806316,0.16512418,0
0.01133811,0.01411263,0.03245641,0.18927927,0.33645877,0.28266194,0.02676724,1
0.01647977,0.00901945,0.03355335,0.22675867,0.27698597,0.080608,0.00841895,1
0.14841402,0.17445065,0.15988567,0.13842902,0.08694043,0.06492537,0.06607869,1
0.29074022,0.13593569,0.02870983,0.04063689,0.04021144,0.11211146,0.13827486,1
0.0221634,0.02201764,0.05748288,0.03584944,0.28511411,0.31095785,0.0818205,1
0.00736249,0.02796261,0.06198259,0.17946166,0.30430433,0.14306709,0.04833703,1
0.10542967,0.10811865,0.14732306,0.14213508,0.19034016,0.08799554,0.10756444,0
0.14487128,0.13110203,0.07718627,0.02537736,0.02759519,0.06039781,0.05539196,0
0.20955074,0.26461157,0.15217875,0.08257969,0.09617533,0.10454234,0.13373551,0
0.33918008,0.02915717,0.02565431,0.02710235,0.00730374,0.00314145,0.04516492,0
0.24446921,0.08627328,0.08554173,0.1725072,0.22621705,0.1756864,0.16603716,0
0.01791187,0.1009804,0.32863954,0.32863954,0.32863954,0.10352339,0.027139,0
0.00149748,0.00168593,0.00119855,0.01448358,0.37545699,0.30285916,0.01189929,0
0.31081209,0.1528544,0.04687867,0.02020155,0.09606974,0.11284813,0.12184742,0
0.00393707,0.00397419,0.04124787,0.34018788,0.19280946,0.01000399,0.00352628,0
0.06149733,0.04482237,0.06187527,0.06560633,0.13146974,0.12703559,0.21976,0
0.10962798,0.03682416,0.02981581,0.18661588,0.29084855,0.29084855,0.13161215,0
0.02407628,0.01238213,0.03056105,0.33586279,0.34808812,0.12667613,0.03768989,1
0.01139982,0.00729763,0.02947786,0.23598891,0.35560569,0.17109416,0.02993368,1
0.01320684,0.0366158,0.07531971,0.27760962,0.33422151,0.24700199,0.10836183,1
0.01417803,0.03001518,0.06077808,0.27094218,0.34235489,0.34235489,0.07275146,1
0.01597402,0.01851662,0.01473754,0.04656152,0.18866274,0.27204329,0.27204329,1
0.02395147,0.10713704,0.24346511,0.25002679,0.10712399,0.02405144,0.00419053,1
0.3139286,0.13226058,0.13615239,0.12852915,0.16023229,0.2151026,0.09636227,1
0.11525068,0.06189207,0.04821489,0.04106975,0.06764487,0.13834783,0.11936678,1
0.06905243,0.07248813,0.21786653,0.25361606,0.25361606,0.13673884,0.15891232,0
0.00772016,0.01820963,0.02914455,0.22448064,0.34849337,0.11669675,0.04473529,0
0.28063175,0.2618227,0.0686211,0.04072464,0.08072587,0.05288266,0.13100855,0
0.1511469,0.21948628,0.10432938,0.11713796,0.16410889,0.07610031,0.09281456,0
0.12748593,0.13474156,0.08868949,0.19219297,0.24531333,0.17336956,0.07268649,0
0.03178103,0.05870129,0.09512079,0.11049278,0.18156682,0.28533548,0.22835781,0
0.13295543,0.15602949,0.20280261,0.21662004,0.19549829,0.17893271,0.0586897,0
0.00448139,0.00211611,0.00421877,0.35064873,0.35064873,0.05658361,0.01642517,1
0.00137526,0.00153064,0.00509741,0.35262522,0.36723691,0.00777869,0.00259662,1
0.00593009,0.00617224,0.01669928,0.36180082,0.36180082,0.02495025,0.00714635,1
0.00186425,0.00363763,0.04384353,0.36615977,0.36615977,0.04258003,0.00845931,1
0.28581473,0.21478322,0.04378231,0.04705548,0.03039311,0.01686846,0.05450474,1
0.0246241,0.0140147,0.01659804,0.0922652,0.53623873,0.19245154,0.04511237,1
0.03074409,0.02074972,0.02183762,0.1164579,0.33466169,0.15118866,0.08081119,1
0.05455647,0.10841198,0.13438322,0.17156437,0.3005611,0.20596904,0.05132086,0
0.27136895,0.15287195,0.23959105,0.22189549,0.27136895,0.0955538,0.03121894,0
0.00143438,0.00451146,0.0181821,0.24020609,0.4110181,0.06883021,0.01849947,0
0.01330136,0.01136512,0.0218694,0.09696892,0.3732805,0.21504833,0.01394482,0
0.33976546,0.07268724,0.01012089,0.00705477,0.00296605,0.00141435,0.0118728,0
0.01639923,0.0116782,0.0460781,0.14932451,0.39415345,0.24586315,0.09507424,0
0.00484264,0.02605729,0.09519456,0.3629511,0.3629511,0.06858004,0.00473839,0
0.21800283,0.06886619,0.05542622,0.09874339,0.22564772,0.20598099,0.07860985,0
0.25684822,0.157499,0.085474,0.10752726,0.10093088,0.07888125,0.08724198,0
0.22201784,0.12947208,0.09581192,0.06657472,0.08416566,0.12798007,0.16808404,0
0.15182002,0.20571761,0.27135798,0.27135798,0.27135798,0.10902268,0.0486127,0
0.09445494,0.04552164,0.07165065,0.0650385,0.11340151,0.12067569,0.12769696,0
0.03461048,0.06809213,0.08246052,0.16521671,0.1891169,0.15790021,0.14460319,0
0.02552512,0.08175848,0.27038586,0.27038586,0.27038586,0.06936527,0.04947246,0
0.18956202,0.12327713,0.07121414,0.08088468,0.09059316,0.11744148,0.12864563,0
0.00144184,0.00331708,0.00824813,0.35131061,0.35131061,0.01952794,0.0047525,0
0.05822452,0.00865662,0.02962279,0.07857381,0.11834086,0.24889897,0.27821371,0
0.00661286,0.00899354,0.03612986,0.35586005,0.30624971,0.04006281,0.00529885,0
0.14312735,0.0182393,0.0202006,0.01916308,0.06343981,0.01416051,0.06414386,0
0.13322745,0.07730401,0.10408981,0.04457437,0.05454926,0.02311755,0.05172143,0
0.00706668,0.00490049,0.00121898,0.03569784,0.3396515,0.3396515,0.02082505,0
0.14400207,0.26374274,0.20241015,0.04120662,0.041556,0.01961124,0.02962225,0
0.16615979,0.13352908,0.06690557,0.05796691,0.07867954,0.04686534,0.14881852,0
0.07518054,0.12182119,0.12905616,0.09729353,0.18861872,0.29134908,0.20631775,0
0.31557766,0.24722184,0.1108816,0.02915984,0.02870582,0.02287663,0.03279686,0
0.26920554,0.24123964,0.08026394,0.03541058,0.23223427,0.06697566,0.10003484,0
0.00583945,0.00455514,0.06450965,0.32734671,0.23356558,0.09706476,0.01210469,1
0.0267333,0.02896174,0.09285059,0.08474751,0.19587226,0.15846433,0.28864118,0
0.05928197,0.07323164,0.0381404,0.19367687,0.23194654,0.16973263,0.27258781,0
0.10851866,0.10717678,0.10951408,0.26823616,0.23119153,0.13331906,0.15836181,0
0.11453699,0.07685477,0.06517202,0.072087,0.13271742,0.13670377,0.16258976,0
0.13953201,0.09519797,0.15179555,0.14974786,0.17176582,0.08685657,0.11890779,0
0.02440741,0.03522603,0.04795542,0.15243237,0.42542315,0.21284622,0.04710016,0
0.10399444,0.04847371,0.12131695,0.18913372,0.35699525,0.23264745,0.11450427,0
0.21227273,0.13179705,0.03953425,0.05774203,0.11596566,0.04683453,0.04680596,0
0.25806898,0.21085826,0.15708838,0.17682475,0.1358885,0.11078135,0.07427844,0
0.00595742,0.09561455,0.26515621,0.18961284,0.24847192,0.04919191,0.02293579,0
0.00124257,0.00307907,0.06695027,0.20247081,0.36887383,0.05030078,0.00011226,0
0.06443118,0.13165812,0.10523442,0.07484505,0.10891621,0.13004501,0.14050296,0
0.28099594,0.0671346,0.0732838,0.07834955,0.028443,0.05070177,0.11337546,0
0.06735943,0.26660287,0.28519481,0.0659437,0.03212055,0.01625718,0.00618702,0
0.31981012,0.04016299,0.00804932,0.02658621,0.03497636,0.0295805,0.04474919,0
0.02661247,0.04815856,0.27955344,0.37181166,0.34199595,0.05727724,0.01190567,0
0.12055312,0.02727284,0.04712524,0.07974818,0.16154945,0.0808973,0.09032254,0
0.09900246,0.16227703,0.13301189,0.07917265,0.12838081,0.18226522,0.20252001,0
0.03499734,0.02355289,0.12010055,0.17390895,0.14068858,0.06965337,0.24322113,0
0.20283943,0.08208402,0.05020615,0.05325079,0.07548915,0.07990555,0.1132153,0
0.02223158,0.01359986,0.01592521,0.15740342,0.36261472,0.16589789,0.07028661,0
0.16120769,0.2384838,0.15968257,0.08463611,0.15580022,0.0832151,0.08582725,0
0.32102472,0.14823568,0.05738093,0.03577218,0.07450036,0.03863947,0.04296368,0
0.13452424,0.21124054,0.1664737,0.09943184,0.02567024,0.00382246,0.00650008,0
0.07279377,0.02853191,0.06743085,0.07096164,0.14481093,0.19810955,0.17026702,0
0.06892084,0.05385058,0.06817392,0.05717957,0.16912557,0.11846108,0.15120505,0
0.21661919,0.02302874,0.01768941,0.01117029,0.02869632,0.10706157,0.14943899,0
0.20765622,0.0744397,0.0856571,0.12202544,0.27624163,0.12284835,0.04987244,0
0.02806613,0.03142713,0.03372096,0.07907661,0.19659238,0.11585759,0.05334622,0
0.09321067,0.04822421,0.02329925,0.00352963,0.15813644,0.16376713,0.23110305,0
0.14493662,0.05184558,0.04151912,0.01721463,0.07266331,0.13616303,0.26611805,0
0.03536262,0.03165001,0.05351807,0.14598508,0.22654395,0.32081801,0.19000185,0
0.22505935,0.09507006,0.06002884,0.04663255,0.06513462,0.03615958,0.03923865,0
0.24393573,0.30015647,0.30015647,0.14136411,0.04608713,0.01244363,0.03286787,0
0.27161303,0.17093766,0.10433938,0.18473269,0.09388833,0.04155251,0.1053516,0
0.05708676,0.02406822,0.03217893,0.06707007,0.31289226,0.2753914,0.27122208,0
0.05987921,0.07495721,0.10838501,0.09718709,0.12744012,0.1467896,0.14252159,0
0.,0.,0.,0.,0.,0.,0.,0
0.,0.,0.,0.,0.,0.,0.,0
0.,0.,0.,0.,0.,0.,0.,0
0.,0.,0.,0.,0.,0.,0.,0
0.17481329,0.09103226,0.14530455,0.11776917,0.22033086,0.3902075,0.35333443,0
0.06504327,0.05041156,0.11545117,0.17949705,0.08674083,0.07856549,0.09830914,0
0.03201489,0.04852641,0.09484447,0.22771202,0.38921547,0.26437396,0.06099778,0
0.35949323,0.35949323,0.04468424,0.0181425,0.01191802,0.00324056,0.00935572,0
0.,0.,0.,0.,0.,0.,0.,0
0.00342254,0.00777883,0.01289116,0.01071803,0.15758565,0.33575559,0.25065127,0
0.01262553,0.00554438,0.03204909,0.1817674,0.39179295,0.03750919,0.0067204,1
0.0771042,0.04562964,0.07744401,0.2727761,0.21789221,0.04269396,0.01278721,1
0.0038451,0.00082837,0.00348157,0.01041855,0.03042947,0.00744457,0.0044231,1
0.04375566,0.05082182,0.12521511,0.17242247,0.17010242,0.15082508,0.0742702,1
0.00788855,0.01406866,0.10660887,0.32863197,0.32863197,0.0659724,0.0124483,1
0.03312836,0.03171552,0.01744455,0.07549383,0.21622074,0.13970068,0.04184216,1
0.04504274,0.07846791,0.15492806,0.21065527,0.15579221,0.0761515,0.12749086,1
0.04607469,0.08464603,0.17613328,0.24486098,0.17962742,0.13545775,0.06435364,1
0.06363707,0.04665443,0.02747924,0.00281582,0.08242187,0.09849934,0.07047267,1
0.02895886,0.04134915,0.1103882,0.35835758,0.35835758,0.14187738,0.0301862,1
0.02510173,0.09846002,0.10888476,0.32943693,0.32943693,0.17587943,0.03942624,1
0.00184447,0.0012307,0.00892797,0.07750179,0.41221496,0.15250544,0.02784814,1
0.07438309,0.05903677,0.03441111,0.15068679,0.23945138,0.15138192,0.21779728,0
0.01294211,0.01047794,0.27540487,0.32871434,0.08217976,0.00892662,0.01531714,1
0.15633732,0.01258944,0.03395252,0.02660885,0.08535805,0.04202086,0.26029748,1
0.16969171,0.10029645,0.1985548,0.29191864,0.13628776,0.10997418,0.07141268,1
0.01789218,0.05348481,0.07895757,0.11789627,0.30813345,0.07772854,0.02873481,1
0.02233921,0.03850508,0.32640609,0.32640609,0.27856925,0.10726754,0.05804748,1
0.34003821,0.22321048,0.06699531,0.04521092,0.08349869,0.01406843,0.0389779,1
0.00362054,0.02163176,0.33766553,0.33766553,0.22071379,0.0023572, 6.03177541e-05,1
0.14166296,0.30527478,0.26726013,0.11974675,0.11985721,0.1988439,0.15381199,1
0.0379828,0.0776681,0.18981171,0.1606774,0.14785291,0.08272499,0.03816849,0
0.11533588,0.10809779,0.10955697,0.35167894,0.35167894,0.11628176,0.06083057,0
0.0994231,0.1173176,0.17254727,0.23924299,0.23924299,0.09499332,0.0757819,0
0.16278796,0.19688934,0.17453352,0.15853792,0.16226818,0.13069414,0.07322892,0
0.,0.,0.,0.,0.,0.,0.,0
0.,0.,0.,0.,0.,0.,0.,0
0.,0.,0.,0.,0.,0.,0.,0
0.,0.,0.,0.,0.,0.,0.,0
0.,0.,0.,0.,0.,0.,0.,0
0.,0.,0.,0.,0.,0.,0.,0
0.02000849,0.02732807,0.14554121,0.32771119,0.23067638,0.06880758,0.00872156,1
0.0043242,0.01464979,0.08233763,0.24249217,0.25615039,0.07040276,0.01997896,1
0.00640998,0.00683896,0.07379672,0.26865086,0.17540158,0.05873662,0.00833431,1
0.14612785,0.14580366,0.17201956,0.07228546,0.11521008,0.04247192,0.03978824,1
0.0363804,0.02397259,0.02974135,0.13877715,0.35270998,0.27871373,0.14880458,1
0.01228385,0.05341285,0.16819867,0.31930318,0.27456713,0.03145366,0.01544125,1
0.03473445,0.03993487,0.07192344,0.19290547,0.43353271,0.24816364,0.07299882,1
0.04473303,0.0269414,0.06366191,0.27022475,0.42484784,0.28639162,0.09532662,1
0.09404597,0.06075035,0.09040824,0.18083294,0.29475373,0.08183509,0.10331604,1
0.04162691,0.03305615,0.05397663,0.26379734,0.29424906,0.06338492,0.05041861,1
0.10696197,0.08639646,0.06153866,0.24335515,0.2922596,0.04442683,0.03607248,1
0.1293205,0.08038992,0.08318666,0.19417362,0.2570847,0.03411091,0.02487239,1
0.07866047,0.09458391,0.09623189,0.23420851,0.14503746,0.02478228,0.02448488,1
0.03335077,0.02476671,0.03242382,0.10076824,0.22092699,0.09543794,0.04606004,1
0.01232691,0.02165233,0.06208328,0.37099886,0.37099886,0.09269422,0.02335872,1
0.01579533,0.0061988,0.03994463,0.35848185,0.35848185,0.03648096,0.01147471,1
0.07228465,0.11102156,0.10110132,0.20899291,0.27014443,0.21577457,0.14695777,1
0.00993884,0.0129191,0.24676524,0.33682054,0.32865822,0.09399633,0.05162236,1
0.06590545,0.07101732,0.04260077,0.05653936,0.08853342,0.09891855,0.07926509,1
0.22676274,0.12145346,0.1683898,0.13542496,0.17612793,0.12549503,0.09999933,0
0.,0.,0.,0.,0.,0.,0.,0
0.,0.,0.,0.,0.,0.,0.,0
0.,0.,0.,0.,0.,0.,0.,0
0.,0.,0.,0.,0.,0.,0.,0
0.12703487,0.02369852,0.05553863,0.02830158,0.05111172,0.01932085,0.01491588,0
0.05408015,0.05625847,0.07200629,0.02628202,0.12748899,0.0214871,0.02067577,0
0.18053436,0.11878387,0.08574942,0.19730163,0.24857815,0.21299317,0.1037021,0
0.19471259,0.20836706,0.17694768,0.14989358,0.09836834,0.09600148,0.14228904,0
0.,0.,0.,0.,0.,0.,0.,0
0.2082178,0.1344716,0.09062625,0.14638446,0.21018893,0.18065032,0.10832847,0
0.02543238,0.02559634,0.00572671,0.01032881,0.04783674,0.08118459,0.07015286,0
0.34461728,0.00725044,0.00425708,0.00171753,0.00482723,0.00235025,0.00452795,0
0.21835758,0.13758759,0.0505046,0.04587115,0.14448671,0.08430601,0.09451552,0
0.0539118,0.22605142,0.20521478,0.30273554,0.24806069,0.19351257,0.08405908,0
0.03729049,0.05401078,0.13871655,0.08525161,0.1693663,0.09457365,0.07422055,0
0.17522141,0.17335606,0.29286611,0.29286611,0.29286611,0.06107862,0.03543109,0
0.21127312,0.18818688,0.10049321,0.13731714,0.05322354,0.0202565,0.02958062,0
0.0960554,0.05839869,0.02719823,0.06267421,0.07805075,0.22871122,0.20921402,0
0.07193208,0.09406607,0.09499965,0.15502295,0.17588556,0.04867301,0.07949087,0
0.00513845,0.00620658,0.00985614,0.0167814,0.34631488,0.2532244,0.02316334,0
0.05584087,0.07562715,0.06865062,0.05127146,0.19661617,0.29734817,0.19379677,0
0.2738677,0.18012163,0.0927305,0.13424784,0.2738677,0.18647417,0.1564571,0
0.02972594,0.02497455,0.02506899,0.21519849,0.32756725,0.11417298,0.05177883,0
0.17245369,0.07586048,0.08981578,0.12996323,0.17879523,0.17776933,0.22808528,0
0.31570724,0.1132774,0.03732013,0.01382022,0.02145132,0.0289808,0.05476815,0
0.00746376,0.00669155,0.01614472,0.01256505,0.06451242,0.02009623,0.01494716,0
0.21857448,0.03608501,0.0365354,0.01825514,0.0341906,0.05540593,0.16625403,0
0.,0.,0.,0.,0.,0.,0.,0
0.26811004,0.26811004,0.10334481,0.0558753,0.0458708,0.03702481,0.09323929,0
0.,0.,0.,0.,0.,0.,0.,0
0.04537649,0.00786578,0.02496206,0.01006684,0.07871664,0.0065555,0.01372282,0
0.16468796,0.13750188,0.17371848,0.07404511,0.11225523,0.04944851,0.09904039,0
0.04695716,0.15551175,0.24986427,0.2783539,0.16459203,0.1039547,0.07968898,0
0.08461119,0.07671393,0.04088391,0.11842244,0.28834182,0.29554683,0.12199908,0
0.01668738,0.00288079,0.03082212,0.14124779,0.47532615,0.39445862,0.06729422,0
0.00805077,0.02553278,0.05691298,0.21086635,0.26908565,0.07387476,0.00966025,0
0.15130891,0.10920925,0.05841054,0.15335329,0.16735646,0.13624974,0.09222864,0
0.29987702,0.19838546,0.10284485,0.12843923,0.05189475,0.04756741,0.05650285,0
0.13600631,0.05439979,0.01092933,0.01248721,0.06984097,0.09953383,0.1610066,0
0.,0.,0.,0.,0.,0.,0.,0
0.03830641,0.12586199,0.11887663,0.13557316,0.17253904,0.07525732,0.08426254,0
0.,0.,0.,0.,0.,0.,0.,0
0.10244387,0.1929916,0.26312038,0.12943822,0.18975364,0.14343978,0.12687644,0
0.,0.,0.,0.,0.,0.,0.,0
0.,0.,0.,0.,0.,0.,0.,0
0.06626547,0.06790368,0.05489844,0.11389472,0.13768065,0.12807111,0.17939058,0
0.01187895,0.01197042,0.01255401,0.10390742,0.35374174,0.2815474,0.05364253,0
0.10763998,0.0887698,0.14493695,0.15135044,0.20314126,0.14827134,0.07597736,0
0.07775252,0.06148028,0.07275566,0.08397374,0.16471659,0.09061529,0.04195688,0
0.08094504,0.09674317,0.10337569,0.17955905,0.19493842,0.13471819,0.04633095,0
0.08009642,0.04125606,0.03735422,0.17022757,0.28517711,0.1518458,0.19064164,0
0.09268583,0.06726286,0.0616829,0.06827089,0.10616836,0.14124987,0.15704767,0
0.050515,0.04457851,0.10410579,0.17602523,0.24574858,0.12960011,0.11466455,0
0.00148957,0.00460429,0.09941,0.30714434,0.32680652,0.08134703,0.03634656,0
0.13980235,0.20136151,0.2376169,0.2376169,0.21705425,0.04026135,0.02973492,0
0.06400543,0.1996315,0.17975305,0.25217676,0.23103571,0.07101187,0.13231763,0
0.00336528,0.00276043,0.00458427,0.13015935,0.41107455,0.19494669,0.01125054,0
0.1572116,0.00565818,0.01477224,0.004948,0.15177611,0.07700262,0.17613395,0
0.17279589,0.08385162,0.08463331,0.18096335,0.24065188,0.13631891,0.10938263,0
0.14153203,0.14430091,0.11360276,0.10205826,0.23064044,0.16229638,0.10173514,0
0.02808593,0.11297017,0.27411956,0.17481211,0.27411956,0.20913486,0.06422263,0
0.04637361,0.05680944,0.07445879,0.10252495,0.13494723,0.08974802,0.06496119,0
0.21164639,0.13010068,0.16195813,0.30318201,0.30318201,0.20110273,0.06907836,0
0.15228517,0.11388499,0.15148577,0.16254494,0.18921442,0.07936184,0.13563712,0
0.11402519,0.09404415,0.06977952,0.10298003,0.2183152,0.22856322,0.26954019,0
0.04908134,0.10334834,0.24571846,0.28300816,0.28300816,0.06232572,0.0529319,0
0.0653417,0.06520102,0.08282191,0.11040735,0.11003729,0.1288372,0.16274866,0
0.02017108,0.01014988,0.05794198,0.13092826,0.24494749,0.31942919,0.16508983,0
0.05970488,0.11638709,0.28316602,0.28979129,0.30409822,0.18104421,0.02629596,0
0.17203008,0.08919834,0.11430701,0.22435601,0.26157308,0.15701228,0.13553381,0
0.,0.,0.,0.,0.,0.,0.,0
0.19055508,0.0784739,0.03648001,0.09504478,0.37568909,0.39283437,0.23309112,0
0.11831376,0.06699225,0.05963268,0.08343036,0.44089317,0.40777093,0.21888207,0
0.3034589,0.09062993,0.00461474,0.00245389,0.01202211,0.01412849,0.008855,0
0.3214173,0.02550276,0.00873067,0.00108493,0.00571015, 8.05599921e-05,0.00068664,0
0.00502495,0.00549011,0.02013876,0.20340709,0.3863228,0.08086754,0.01372529,1
0.14900503,0.15629683,0.34037998,0.34149793,0.17556354,0.05744308,0.07939494,1
0.21001422,0.13656703,0.13896802,0.14575118,0.23556887,0.1249858,0.10381487,1
0.06892943,0.06448805,0.13674597,0.1377389,0.27676678,0.13892956,0.11689534,1
0.02839716,0.03078526,0.07134847,0.24892722,0.19115594,0.04729277,0.00436779,1
0.00049307,0.,0.01705698,0.34165013,0.34165013,0.04514951,0.00023155,1
0.0191572,0.04665447,0.31159526,0.3416822,0.20759863,0.06615978,0.0584309,1
0.34081218,0.30937415,0.0145545,0.01356949,0.04817933,0.07897168,0.07645717,1
0.0387145,0.02423161,0.04646468,0.23552303,0.32008001,0.32008001,0.15112947,1
0.03981651,0.05247223,0.08173525,0.15044452,0.20846407,0.10646789,0.09694276,0
0.03119982,0.02240705,0.04774878,0.32129759,0.32129759,0.05152676,0.00345697,0
0.01581719,0.02725067,0.02258456,0.1134211,0.32744977,0.32300621,0.02603924,0
0.01522134,0.00372753,0.03753816,0.13573818,0.33593294,0.18758252,0.04372137,0
0.05792447,0.06846795,0.06635872,0.10564286,0.22624433,0.18319649,0.21242367,0
0.22129858,0.09264875,0.07577972,0.08968006,0.14986224,0.1164432,0.07262341,0
0.06682017,0.06755622,0.07145025,0.12465572,0.25726339,0.2800943,0.16683598,0
0.23958571,0.13796428,0.05096204,0.04687361,0.15853514,0.15040463,0.15138841,0
0.16150916,0.2117532,0.08396342,0.0536976,0.08973169,0.09301914,0.12794727,0
0.01443202,0.06640387,0.05444032,0.21925303,0.28869724,0.2358834,0.04760756,1
0.02994242,0.02008356,0.06848575,0.19970953,0.31920215,0.25782794,0.06008594,1
0.00572689,0.0244351,0.06880475,0.16272877,0.33396968,0.25909144,0.05398033,1
0.04647927,0.10436819,0.11803529,0.23341484,0.30407149,0.12446468,0.0501517,1
0.23258169,0.28764087,0.12203685,0.03620046,0.09482323,0.06488068,0.11926033,1
0.00864305,0.07903452,0.18842819,0.2335941,0.30744818,0.09894476,0.04447592,1
0.00556263,0.00217577,0.00642055,0.03497422,0.19218253,0.22443055,0.04185133,1
0.01441039,0.03842829,0.04580585,0.07665367,0.21425962,0.09397209,0.08849478,1
0.01608171,0.07368392,0.27971911,0.32367697,0.24310836,0.04050448,0.01863003,1
0.14684096,0.0437202,0.04205771,0.09856556,0.21718304,0.15065341,0.16188931,1
0.06589064,0.06548227,0.09764479,0.10851574,0.30314931,0.30314931,0.07721785,1
0.07987592,0.10041443,0.11432386,0.13503315,0.2454906,0.29805198,0.18758148,1
0.04170876,0.03763159,0.03300027,0.0679144,0.2281535,0.13126463,0.09280221,1
0.05228464,0.04676798,0.1572478,0.20167553,0.34903702,0.08396921,0.05616562,1
0.01651988,0.02199554,0.07165177,0.09510099,0.42760155,0.24203353,0.0796452,1
0.04843086,0.08265991,0.14220902,0.27450621,0.23029816,0.06238971,0.04337518,1
0.03796391,0.05915811,0.07240443,0.0707442,0.18685482,0.27567941,0.19399141,1
0.01991516,0.04612613,0.14169426,0.22996812,0.39853349,0.16162078,0.08174236,1
0.02006705,0.05383288,0.06566238,0.1783046,0.24860547,0.18414225,0.03607177,1
0.01487529,0.05045542,0.21234994,0.38194251,0.25453249,0.06136914,0.02196162,0
0.00207801,0.00187903,0.02168024,0.36410487,0.37890148,0.00593967,0.,0
0.11454894,0.02225489,0.06265178,0.01649679,0.14027469,0.03540666,0.14136459,0
0.05771687,0.02060021,0.06164365,0.,0.50605333,0.,0.0476542,0
0.12257817,0.12649159,0.05429744,0.03055985,0.29458845,0.03328785,0.09870496,0
0.02180069,0.04575061,0.13690276,0.,0.21152201,0.,0.04412949,0
0.02881764,0.07489157,0.18214843,0.1208391,0.0928349,0.,0.01131414,0
0.00564459,0.08526614,0.39133546,0.14858866,0.02047586,0.,0.,0
0.00362799,0.01124166,0.05923496,0.13373922,0.47051826,0.00140789,0.00481424,0
0.00106541,0.,0.,0.12892821,0.46844861,0.02923173,0.00690987,0
0.00948925,0.01903844,0.0407093,0.04438939,0.27217671,0.12071731,0.08758046,0
0.01688655,0.00019176,0.,0.00195339,0.15194608,0.30955538,0.18670456,0
0.00240676,0.00144511,0.01393733,0.08345183,0.45379654,0.03737039,0.00618031,0
0.04781103,0.07867058,0.13731477,0.32240734,0.41254741,0.06476056,0.05924378,0
0.02846151,0.03229979,0.07558549,0.16307078,0.21923973,0.05483922,0.01195632,0
0.07524356,0.03554275,0.03323468,0.04635967,0.07964114,0.04668796,0.08285972,0
0.07678705,0.12564519,0.14287426,0.15172814,0.16809286,0.11489908,0.12500368,0
0.05531877,0.17336111,0.22807299,0.06611071,0.02709544,0.04811963,0.0369963,0
0.18259288,0.07189912,0.13320658,0.09259018,0.1515395,0.,0.02473634,1
0.08038259,0.06690216,0.09728783,0.278474,0.38574034,0.35400176,0.1003239,1
0.01102535,0.02635791,0.02465119,0.06550547,0.30409834,0.16435553,0.02401095,1
0.0183281,0.05967786,0.08005471,0.15926126,0.1670153,0.05921012,0.02604388,1
0.04016355,0.0635296,0.10075407,0.16249977,0.30899769,0.11790588,0.13302687,1
0.01610983,0.0149668,0.0292691,0.1646059,0.26508597,0.08419444,0.03170125,1
0.10434294,0.2449933,0.42545024,0.42545024,0.42545024,0.,0.,0
0.00357956,0.01532386,0.15460369,0.31815511,0.31815511,0.24767829,0.0387083,1
0.04695459,0.08573703,0.09955078,0.20814358,0.2565845,0.28558993,0.17429563,1
0.14347437,0.07581191,0.04015636,0.08780237,0.28922963,0.28922963,0.24620047,1
0.05529418,0.10959052,0.10292546,0.1048113,0.12695059,0.09435911,0.07732112,1
0.00800876,0.05916028,0.0948382,0.1675424,0.26912561,0.17618348,0.06387815,0
0.02341689,0.01853459,0.01390022,0.0503027,0.22550495,0.19636609,0.0598358,1
0.04883663,0.05566389,0.08424803,0.27624068,0.27624068,0.22258306,0.02456119,1
0.00532867,0.00125218,0.06448164,0.47719368,0.47719368,0.09183607,0.02997875,0
0.02676667,0.01644585,0.01711988,0.01010519,0.0589495,0.08202102,0.21904002,1
0.23372154,0.16565689,0.13529341,0.10492199,0.11076092,0.05575762,0.0705265,1
0.02927311,0.03429179,0.09640064,0.11981823,0.06300445,0.03015257,0.03992277,1
0.08545342,0.0533192,0.03973993,0.06864768,0.08368365,0.06880017,0.03527059,1
0.10559018,0.06173943,0.14591876,0.22839396,0.30454898,0.11567635,0.08339448,1
0.01553717,0.0344503,0.09168837,0.12757352,0.27963263,0.29906216,0.1551881,1
0.17932932,0.08896255,0.10769455,0.0893152,0.13278973,0.11886313,0.12336168,1
0.10625051,0.13100006,0.11235969,0.13790737,0.11387284,0.06800617,0.06811044,1
0.14866814,0.13400175,0.13514091,0.0562398,0.07916038,0.10097729,0.06078059,1
0.19793093,0.06416008,0.11629703,0.19864057,0.11516466,0.09298673,0.07905796,1
0.07461827,0.0596207,0.08246614,0.03479168,0.08165316,0.1192847,0.07591782,1
0.09098314,0.03648866,0.00593156,0.06783719,0.17389162,0.17968012,0.16711017,1
0.13098709,0.13257383,0.21027742,0.11820815,0.17525722,0.12346307,0.09064482,1
0.02661581,0.04300614,0.08787607,0.35516194,0.26021868,0.03671211,0.03503918,1
0.05070275,0.12262804,0.19125615,0.16665697,0.09737247,0.11861728,0.12810567,1
0.00497113,0.00434718,0.02012425,0.31256539,0.35281587,0.06341456,0.01915552,0
0.25602627,0.09179604,0.02646056,0.02632829,0.02303557,0.0137328,0.02329599,0
0.15644006,0.0620775,0.03147282,0.01837484,0.03165382,0.04817865,0.05707704,0
0.1828943,0.10496712,0.09091567,0.04751682,0.02761803,0.00396701,0.00656957,0
0.10934658,0.07441791,0.0616797,0.08723553,0.16675505,0.09020419,0.0665395,0
0.05937372,0.02808764,0.00225185,0.00887681,0.12569611,0.28268075,0.28724816,0
0.04197059,0.07182718,0.0788651,0.08201294,0.2083468,0.10644887,0.08510458,0
0.06687811,0.18301997,0.19150974,0.20007956,0.13588795,0.03416911,0.01324422,0
0.04531563,0.04244305,0.03394516,0.02105874,0.26432678,0.05023231,0.11414312,0
0.,0.,0.,0.,0.,0.,0.,0
0.01707537,0.05689484,0.08057664,0.11833779,0.13802524,0.0757615,0.09516135,0
0.28676122,0.21191502,0.09171556,0.06799425,0.04268941,0.05247468,0.0786384,0
0.1049913,0.12984599,0.09902747,0.14893465,0.12784459,0.15781464,0.23339012,0
0.16402061,0.25972453,0.28933471,0.19376646,0.10879904,0.04564686,0.06764808,0
0.05353275,0.05704282,0.04435037,0.07996571,0.23821712,0.22634937,0.16825539,0
0.01925898,0.03999324,0.00945411,0.11263531,0.40647528,0.20660622,0.04589279,0
0.07498232,0.06934372,0.08353851,0.09297875,0.15766743,0.1335182,0.19057225,0
0.01397064,0.07074155,0.29249507,0.38658583,0.33735085,0.11581352,0.03354587,0
0.12479661,0.169999,0.18815389,0.22279637,0.30406192,0.16260165,0.0731594,0
0.10971592,0.24355786,0.29049203,0.17983931,0.20054674,0.12439663,0.05240661,0
0.00804194,0.01718675,0.05413568,0.32336929,0.3215948,0.10069588,0.04070396,0
0.10340045,0.12766896,0.10461669,0.07063816,0.09156151,0.03287503,0.08956227,0
0.02151058,0.04351876,0.1457174,0.16695967,0.14972083,0.05622435,0.05010602,0
0.1304566,0.12501268,0.10960573,0.14040078,0.13880965,0.10273588,0.08429752,0
0.14504671,0.03739296,0.03355003,0.02612416,0.17510843,0.,0.16947557,0
0.00316477,0.00473043,0.07434812,0.32741103,0.32741103,0.07084129,0.00368536,0
0.04771042,0.05447913,0.1039719,0.12186795,0.22252621,0.08661104,0.047722,1
0.05632337,0.04152725,0.08373683,0.03953883,0.04188478,0.0384986,0.01839627,1
0.05057476,0.06135604,0.10855928,0.11538065,0.21689729,0.09845207,0.15990765,1
0.09503131,0.05860799,0.0412989,0.1301699,0.19078988,0.22873965,0.11771642,1
0.07434049,0.15524094,0.30996948,0.30996948,0.19461362,0.05005636,0.0155989,1
0.00130627,0.0007309,0.00735369,0.2398423,0.38851252,0.00023227,0.00010939,0
0.00319952,0.00079029,0.0036734,0.05757222,0.4784224,0.10199405,0.00468981,0
0.04851194,0.03682625,0.13283348,0.18014084,0.26242462,0.19334145,0.17947288,0
0.05700354,0.16696355,0.33283624,0.33283624,0.21432841,0.06671885,0.00938575,0
0.01897795,0.04163478,0.06574827,0.23321661,0.22566104,0.12214546,0.06285292,0
0.08299883,0.29035676,0.18042612,0.07106008,0.07498128,0.06505885,0.02552527,0
0.04585169,0.04147713,0.03329129,0.12841293,0.20169601,0.10413962,0.05039845,0
0.09484089,0.04782658,0.01022349,0.03380087,0.05314369,0.09411413,0.29568446,0
0.03255394,0.05181121,0.11282133,0.27450743,0.43693283,0.0839518,0.06922959,0
0.39027542,0.23138285,0.08274341,0.03514741,0.01817722,0.0050675,0.01282284,0
0.1979485,0.1332141,0.10495695,0.03799062,0.23019221,0.00915927,0.06546425,0
0.03373779,0.02005614,0.08608532,0.24218628,0.29439405,0.29439405,0.18718573,0
0.00898974,0.00729522,0.01772876,0.45270291,0.45487237,0.11352284,0.00612152,0
0.01866806,0.01011635,0.08283312,0.25882518,0.27306104,0.1412826,0.09102742,1
0.02556007,0.03363294,0.04500972,0.0603814,0.09563845,0.02043768,0.02936486,1
0.01340346,0.01020546,0.03521432,0.20196836,0.41662335,0.08421437,0.0087879,0
0.06021832,0.06107099,0.16078182,0.33268416,0.33268416,0.24161749,0.14200644,0
0.00885211,0.02840805,0.09469467,0.22512949,0.19209421,0.03831642,0.00401351,0
0.0255284,0.07520846,0.20322339,0.34612888,0.22743461,0.1040544,0.01933393,0
0.32577047,0.08056276,0.03615254,0.01300301,0.00861258,0.02109436,0.07644052,0
0.13200743,0.04274776,0.11668106,0.11642583,0.11913618,0.06248793,0.14369152,0
0.10929015,0.02623952,0.12043677,0.16535713,0.22729704,0.16426802,0.09087499,0
0.1761637,0.16298941,0.24729842,0.10209171,0.14179543,0.1013947,0.07650384,0
0.16345775,0.14518024,0.13143885,0.18480018,0.20010296,0.20428835,0.15287238,0
0.0898602,0.07391157,0.12055919,0.11820182,0.1255364,0.10852488,0.12068504,0
0.09923281,0.04530862,0.0837227,0.16558179,0.21857013,0.17240925,0.15491058,0
0.12956865,0.26622316,0.16934703,0.1344437,0.13630497,0.20513043,0.18989691,0
0.18662564,0.08021657,0.11344202,0.07139424,0.2001985,0.26248202,0.16478071,0
0.,0.,0.,0.,0.,0.,0.,0
0.,0.,0.,0.,0.,0.,0.,0
0.,0.,0.,0.,0.,0.,0.,0
0.,0.,0.,0.,0.,0.,0.,0
0.,0.,0.,0.,0.,0.,0.,0
0.,0.,0.,0.,0.,0.,0.,0
0.,0.,0.,0.,0.,0.,0.,0
0.10325882,0.06162263,0.11889637,0.2094866,0.2898629,0.24182118,0.15087871,0
0.06301711,0.09645806,0.09713383,0.25794414,0.26903361,0.19795774,0.18338609,0
0.,0.,0.,0.,0.,0.,0.,0
0.,0.,0.,0.,0.,0.,0.,0
0.,0.,0.,0.,0.,0.,0.,0
0.00434935,0.,0.,0.,0.00755523,0.,0.,0
0.,0.,0.,0.,0.,0.,0.,0
0.06910049,0.05422768,0.08311705,0.16249913,0.2791779,0.20296359,0.064061,0
0.11600411,0.04592069,0.12023768,0.05170808,0.40061322,0.05210378,0.0754013,0
0.,0.,0.,0.,0.,0.,0.,0
0.05610613,0.01484826,0.03944675,0.07163014,0.23274747,0.24357633,0.21255182,0
0.,0.,0.,0.,0.,0.,0.,0
0.,0.,0.,0.,0.,0.,0.,0
0.,0.,0.,0.,0.,0.,0.,0
0.07626842,0.13757226,0.36168087,0.27569234,0.14672431,0.05819292,0.00986218,0
0.,0.,0.,0.,0.,0.,0.,0
0.28159073,0.27728292,0.21755108,0.10660315,0.19193618,0.13045138,0.06490135,0
0.,0.,0.,0.,0.,0.,0.,0
0.,0.,0.,0.,0.,0.,0.,0
0.,0.,0.,0.,0.,0.,0.,0
0.,0.,0.,0.,0.,0.,0.,0
0.17026401,0.18207631,0.1091112,0.24250032,0.21690939,0.07983176,0.16306652,0
0.08807794,0.11909831,0.11958036,0.17586388,0.23371027,0.17216595,0.10742731,0
0.24177022,0.19565588,0.19246058,0.23375319,0.14463128,0.07738875,0.1788522,0
0.25548097,0.22167434,0.06637931,0.08471591,0.08745255,0.17333226,0.18792884,0
0.04876813,0.04298532,0.07949425,0.07776664,0.19079277,0.12462781,0.15243201,0
0.1674355,0.18408863,0.17321761,0.11644416,0.16485776,0.19238298,0.15860252,0
0.1596151,0.18321203,0.16714425,0.16260411,0.14835806,0.13197236,0.14401555,0
0.2635963,0.19116503,0.05510686,0.08798331,0.20979814,0.13356861,0.10638287,0
0.01786342,0.0121408,0.09600133,0.35393342,0.47351876,0.19760492,0.02889331,0
0.00832806,0.03666416,0.14253388,0.40975127,0.40975127,0.08369076,0.01836876,0
0.11066061,0.06845969,0.10595611,0.10948832,0.131117,0.08914276,0.10323318,0
0.02711529,0.05704269,0.03480747,0.26633191,0.37894967,0.18845512,0.06922634,0
0.22174628,0.15719904,0.03754362,0.0177263,0.02112398,0.01368716,0.00419972,1
0.20602706,0.13930908,0.07471294,0.04074648,0.10394789,0.09944665,0.2185535,1
0.09547257,0.05923358,0.03530524,0.05676032,0.12010565,0.1569699,0.12135942,1
0.0242184,0.04028065,0.03713292,0.03625174,0.1035084,0.04056434,0.14888018,1
0.03442667,0.07417389,0.04402848,0.05823758,0.12304407,0.10775065,0.18098089,1
0.0621589,0.05278847,0.07623181,0.11153247,0.07446495,0.05758049,0.12260336,1
0.13319837,0.12944153,0.26840022,0.3402088,0.26561406,0.19423316,0.21068002,1
0.06226671,0.0770146,0.12932412,0.2670292,0.33361167,0.12522498,0.12009171,1
0.03094806,0.06533007,0.11667676,0.31479293,0.18102303,0.09814853,0.02639889,1
0.03392028,0.0378571,0.0781294,0.27503821,0.2793079,0.04819289,0.05134708,1
0.0354527,0.01780948,0.01712448,0.04851757,0.15696856,0.29832783,0.29832783,1
0.03668424,0.00489916,0.01140285,0.08378538,0.27099022,0.16248013,0.23130478,1
0.01430743,0.04251993,0.08188652,0.21417993,0.3124465,0.19491005,0.0405152,1
0.12107488,0.07395146,0.05667006,0.21820047,0.3397491,0.11078244,0.03845929,1
0.01066096,0.06468949,0.34086582,0.34086582,0.08210991,0.00664842,0.00129018,1
0.02709078,0.02949224,0.04052512,0.05040086,0.13496237,0.07031479,0.03810743,1
0.01256368,0.0443203,0.15270312,0.28891438,0.35804486,0.11518769,0.03035682,1
0.00957209,0.07155293,0.10471897,0.25223169,0.29979402,0.07601238,0.01544396,1
0.00703836,0.,0.00487879,0.04024386,0.24231169,0.29459062,0.27558374,1
0.08420713,0.06478482,0.06364719,0.11110586,0.228532,0.11847577,0.10597845,1
0.06888566,0.06320573,0.06223056,0.0371371,0.09398676,0.04687489,0.00221513,1
0.01509188,0.02667052,0.04321694,0.25747848,0.37254784,0.31810442,0.05033542,1
0.15161417,0.0173565,0.,0.00237677,0.01749282,0.00077654,0.0269926,1
0.02431852,0.02444562,0.11065446,0.25298706,0.40053374,0.19257808,0.06222567,0
0.24847172,0.15686943,0.03139468,0.02598727,0.03843331,0.08762614,0.07618131,0
0.06652448,0.09836747,0.15192607,0.14262271,0.14187109,0.15138771,0.21131715,0
0.11083224,0.06732462,0.05701945,0.16437119,0.29249796,0.25942168,0.12122306,0
0.04938213,0.04022973,0.11030784,0.09278741,0.2057817,0.21131513,0.09431667,0
0.07449561,0.09993137,0.20740998,0.21139327,0.17302169,0.05604221,0.03638965,0
0.06551488,0.11801836,0.2691735,0.3381142,0.12693317,0.02638839,0.05605642,0
0.01437286,0.06513208,0.20874786,0.32970929,0.23801753,0.02173107,0.00704386,0
0.15135898,0.15839675,0.1410355,0.12091953,0.14197034,0.13349929,0.15245076,0
0.04910106,0.2499695,0.3489382,0.3489382,0.28287205,0.05026306,0.06947653,0
0.06787957,0.02595966,0.06361278,0.14673704,0.30203509,0.22488125,0.07692686,0
0.06057432,0.12454445,0.27866375,0.28767139,0.24600771,0.10185105,0.05667598,0
0.03427703,0.03778726,0.21012381,0.41515708,0.41515708,0.18207556,0.03437571,0
0.07572436,0.10870184,0.1706274,0.26840591,0.29294819,0.08286101,0.02988171,0
0.09873336,0.11596498,0.13220149,0.06875014,0.10339988,0.12638506,0.16235133,0
0.013183,0.00815191,0.09069869,0.37502345,0.29668307,0.04582219,0.02472288,0
0.03483135,0.09021626,0.21265639,0.22411098,0.20832346,0.05748096,0.02263852,0
0.00342235,0.01455747,0.11551276,0.34583479,0.26936525,0.0204717,0.00283712,0
0.17972226,0.10766272,0.2206623,0.18198925,0.13674822,0.05512517,0.03415224,0
0.18085022,0.16432206,0.09556951,0.04936967,0.01028414,0.02464646,0.02563338,0
0.13081397,0.07129575,0.05258229,0.09421372,0.13099995,0.2191443,0.17788805,0
0.30608943,0.01865793,0.01975483,0.01115715,0.048104,0.01883784,0.05869037,0
0.01042188,0.02070202,0.2260258,0.38882029,0.24959154,0.07191811,0.00535992,0
0.32817817,0.00432576,0.00018684,0.00195484,0.00374127,0.00169888,0.00988507,0
0.21562266,0.00652314,0.00048815,0.,0.00216071,0.00143211,0.00548297,0
0.03065025,0.01381089,0.06309167,0.36850527,0.36850527,0.26362565,0.12545416,0
0.17700714,0.03222431,0.00084916,0.00126149,0.00302921,0.00110763,0.00647115,0
0.20240024,0.14079009,0.077552,0.05672207,0.0432734,0.04149248,0.08385703,0
0.07168017,0.02687636,0.03205296,0.05773713,0.06985095,0.02570854,0.04266081,0
0.1368535,0.11346164,0.07702339,0.09553994,0.11562151,0.19127977,0.18046544,0
0.04403074,0.12486533,0.16097249,0.2166056,0.27828375,0.14808139,0.09687868,0
0.09151867,0.13638839,0.26908416,0.17644516,0.09482047,0.01795367,0.01288757,0
0.02706802,0.0737413,0.24294688,0.29220101,0.20629284,0.05825123,0.03811041,0
0.08329403,0.10487244,0.21657082,0.24191628,0.29268804,0.05685274,0.01031589,0
0.17041285,0.18788414,0.25786623,0.23482917,0.17704473,0.17264751,0.10811471,0
0.20457749,0.13313311,0.16622426,0.10233592,0.11168486,0.10571758,0.11146224,0
0.06689938,0.15323754,0.11411081,0.05304547,0.08114066,0.22310983,0.2158228,0
0.06843253,0.19718495,0.15205364,0.14988212,0.22671218,0.09903606,0.10536378,0
0.04439665,0.03309923,0.08545035,0.06062468,0.22257394,0.15274815,0.11620269,0
0.08235014,0.06257565,0.0425533,0.13057621,0.26781923,0.11133634,0.10165711,0
0.19485255,0.04822881,0.08615804,0.11821859,0.08427507,0.07389975,0.14388038,0
0.11092801,0.13297164,0.11810765,0.0820744,0.17632987,0.21738531,0.15714081,0
0.09326532,0.12219683,0.16541447,0.20956771,0.17192267,0.09064938,0.06674948,0
0.01253015,0.02788147,0.08434989,0.3290036,0.3290036,0.07744095,0.03056295,0
0.0883087,0.13652565,0.10310956,0.06627764,0.05672512,0.08032148,0.13906811,0
0.06048226,0.14020288,0.28442323,0.24753945,0.11375749,0.11193686,0.10474464,0
0.00970853,0.00674348,0.04557084,0.30874947,0.33333275,0.16495521,0.0147539,1
0.01263616,0.03583708,0.08576687,0.34119639,0.34119639,0.10886925,0.01379203,1
0.03057587,0.03788029,0.04552219,0.14342058,0.37258109,0.13980828,0.02905777,1
0.00576821,0.01884836,0.09064484,0.35457674,0.35457674,0.17901164,0.0187028,1
0.00795635,0.00176606,0.01686709,0.42122099,0.42122099,0.10570221,0.02229511,1
0.04595417,0.02079735,0.05416236,0.34875253,0.34875253,0.04440628,0.01151754,1
0.00385887,0.00177764,0.01335971,0.35921192,0.35921192,0.06626575,0.00187511,1
0.01771429,0.00838646,0.10876035,0.38521275,0.38521275,0.05493458,0.0002261,1
0.05360693,0.02564468,0.02882672,0.13186613,0.27625486,0.10387108,0.08540683,1
0.03319588,0.01105717,0.08811791,0.41848779,0.41848779,0.22175187,0.07434832,1
0.04392493,0.01116265,0.05910226,0.3728025,0.3728025,0.35488445,0.03021997,1
0.12140424,0.01953271,0.09331694,0.32407841,0.35871273,0.35871273,0.18427877,1
0.26971835,0.12999798,0.07229333,0.07249718,0.15927598,0.05820765,0.07951812,1
0.14180127,0.06660591,0.03049804,0.0721586,0.20075455,0.24480331,0.14544106,1
0.22892998,0.13853306,0.07706024,0.07305932,0.07110739,0.16846283,0.07905287,1
0.08356726,0.07233598,0.08316639,0.092526,0.04401538,0.01470608,0.03144059,1
0.03250372,0.01333342,0.0246074,0.22075526,0.32982403,0.32982403,0.13236666,1
0.10068341,0.22368075,0.25340685,0.25340685,0.13314946,0.06000585,0.07096563,1
0.01526358,0.04951187,0.15183653,0.33347329,0.34570193,0.22881098,0.02993404,1
0.01206538,0.01297356,0.02633921,0.08947758,0.17059959,0.11910683,0.02052696,1
0.01723408,0.01980057,0.06417313,0.32703972,0.19016305,0.02311075,0.01964692,1
0.04206757,0.08303589,0.07756605,0.05239489,0.06991529,0.02618069,0.06281848,1
0.20409574,0.07654545,0.14719994,0.32323119,0.24738427,0.08938768,0.06506025,1
0.04529434,0.09461909,0.17392564,0.16291973,0.29519591,0.1392678,0.04640745,1
0.2560311,0.22756308,0.181922,0.08231327,0.04693088,0.01086936,0.03769651,1
0.0386796,0.07432445,0.23382744,0.12489329,0.20554656,0.18346711,0.1040066,1
0.11313461,0.08208377,0.20062098,0.28263792,0.28263792,0.05144425,0.03913584,1
0.0263251,0.01617634,0.03105779,0.07901612,0.21179697,0.15165251,0.07328145,1
0.04741869,0.03627247,0.04469727,0.07599875,0.07727472,0.06647274,0.04146335,1
0.01324351,0.01830035,0.01698155,0.07518299,0.16275136,0.16432865,0.11704939,1
0.04063997,0.05472882,0.15140451,0.14246939,0.30638692,0.18014656,0.12235596,1
0.31121927,0.14528938,0.04980417,0.00774349,0.01016673,0.00435791,0.0076913,1
0.13600171,0.18464123,0.22233009,0.24020074,0.3276175,0.08306394,0.04988691,1
0.32190952,0.20566976,0.06142415,0.11473974,0.04770301,0.03875962,0.05675546,1
0.32227603,0.2528832,0.04400642,0.04611856,0.05163686,0.07217043,0.11264724,1
0.37226182,0.16893195,0.03774573,0.02646989,0.06269845,0.02218707,0.06182385,1
0.37573501,0.19820155,0.03275189,0.02124605,0.04127628,0.01070569,0.02280572,1
0.06307235,0.12403557,0.12915474,0.29430601,0.30707094,0.16073659,0.04407742,1
0.09589376,0.15942299,0.14953075,0.24756055,0.24212453,0.10207674,0.09671123,1
0.01590442,0.00389572,0.01165748,0.00749994,0.39097226,0.27402553,0.13350807,1
0.25569683,0.1848402,0.09603304,0.19149022,0.11234899,0.06930913,0.08922122,1
0.00895992,0.0243064,0.04647795,0.11607236,0.39532712,0.16422179,0.04251678,1
0.06275088,0.06791651,0.0668417,0.34267971,0.40503559,0.19723548,0.17100862,0
0.35592261,0.12799297,0.0616064,0.02465044,0.02643101,0.01974564,0.04097284,0
0.27546883,0.10316119,0.06667087,0.13672444,0.26776585,0.22586642,0.15065373,0
0.26086834,0.07785819,0.02907958,0.04638449,0.16644919,0.16581821,0.10365588,0
0.11263208,0.02140114,0.01361815,0.00694944,0.02151819,0.00471766,0.00566181,0
0.00116713,0.00022097, 4.31643566e-05,0.03270873,0.38243568,0.27009442,0.00259516,0
0.11074519,0.03544601,0.00948634,0.00432286,0.00750569,0.00835609,0.00870222,0
0.32979366,0.03805054,0.02180544,0.01155322,0.0487377,0.02891518,0.03981542,0
0.28910783,0.03208029,0.04498153,0.04200743,0.07415975,0.08321845,0.03284606,0
0.14413208,0.08793535,0.07655074,0.08807771,0.16330795,0.09894448,0.05497412,0
0.06512222,0.04643423,0.08310895,0.1785907,0.4257741,0.22891374,0.05277504,0
0.03969575,0.02594136,0.14849821,0.2042098,0.23293275,0.19551601,0.0787612,0
0.04692579,0.05245183,0.12283624,0.20988001,0.19686128,0.06477329,0.08667199,0
0.07059485,0.07491993,0.21143951,0.14330435,0.21400242,0.2242772,0.16161075,0
0.09311187,0.14374538,0.30486402,0.2032624,0.17028782,0.18391816,0.12473511,0
0.15823597,0.15318315,0.09654879,0.21538618,0.16888377,0.1905451,0.13305435,0
0.08241513,0.04004681,0.16891629,0.30183703,0.41653484,0.12243659,0.07877075,0
0.02603432,0.02995549,0.01955703,0.06998998,0.28251988,0.26067874,0.17892529,0
0.00947286,0.00989403,0.04307485,0.09514455,0.3992638,0.3992638,0.05391855,0
0.05021378,0.0526801,0.10802548,0.11936546,0.21653728,0.27972466,0.34340927,0
0.02082117,0.01611608,0.05304299,0.05803395,0.14441212,0.18975367,0.08505463,0
0.07881065,0.14292359,0.26508158,0.06299682,0.08451025,0.08454732,0.07824125,0
0.02254896,0.08227064,0.0648795,0.31633431,0.31633431,0.2037344,0.05483197,0
0.03112504,0.07683997,0.09592124,0.14213941,0.17050993,0.09371177,0.03337401,0
0.34452397,0.14593288,0.0431829,0.04003435,0.09447116,0.01524191,0.00308758,0
0.09260825,0.04006764,0.06344068,0.08951015,0.19926132,0.15099874,0.18260948,0
0.20901868,0.20484957,0.11339759,0.08466797,0.08403696,0.08725211,0.08733924,0
0.01734056,0.01887104,0.03642661,0.1093502,0.26800546,0.05052051,0.04629334,1
0.00199871,0.00676833,0.0179333,0.12012095,0.38560659,0.11667723,0.01090428,1
0.21712792,0.11620567,0.07232197,0.07992841,0.07649069,0.04816456,0.05780713,1
0.21304518,0.22372779,0.21735179,0.23259935,0.05115082,0.0831496,0.074655,1
0.17011864,0.09180852,0.09352061,0.08256655,0.07686148,0.06275986,0.06148608,1
0.16178015,0.13310987,0.07714222,0.07203905,0.44654921,0.0544663,0.18066296,1
0.08324364,0.22845247,0.12014057,0.07075915,0.44331816,0.0751254,0.17798607,1
0.12821651,0.09630964,0.10079889,0.07702518,0.1831537,0.1937291,0.21096089,1
0.06009983,0.07652595,0.13249855,0.17259881,0.20796871,0.08367043,0.1341026,1
0.01370609,0.01795441,0.1240864,0.39997172,0.36496186,0.04468881,0.0725734,1
0.01671614,0.03625656,0.08385295,0.30468032,0.46938702,0.05558433,0.02760988,1
0.0428203,0.05588205,0.09914239,0.2138678,0.37205112,0.37833315,0.12373902,1
0.14943613,0.10259975,0.07094992,0.11812925,0.28866187,0.14519535,0.14136508,1
0.11145256,0.10505378,0.02984731,0.00708915,0.00640922,0.01636632,0.15148427,1
0.00092631,0.,0.00133214,0.06564856,0.48051569,0.06389721,0.00097528,1
0.200565,0.10615721,0.07369608,0.04052895,0.13027641,0.05839191,0.1125873,1
0.1720825,0.16611151,0.09605549,0.1240968,0.0896393,0.00479231,0.03364421,1
0.09920583,0.07502214,0.04228442,0.06827115,0.16212133,0.09006077,0.19133885,1
0.00015638, 1.36533026e-05,0.00776931,0.16052997,0.39698601,0.01098022, 3.47140667e-05,1
0.07277786,0.11316659,0.16989735,0.10082251,0.2172461,0.14539137,0.10817348,1
0.11633376,0.08423122,0.0791811,0.06087239,0.15318079,0.15470484,0.23696259,1
0.17003602,0.09821147,0.07244266,0.02404965,0.16324465,0.04987993,0.14138432,1
0.32401028,0.104507,0.02878575,0.01258047,0.03151293,0.01786431,0.02723357,1
0.13206217,0.10029477,0.02855128,0.00936617,0.13941175,0.01223289,0.05106129,1
0.00678763,0.00378722,0.09204923,0.34108624,0.34108624,0.05372294,0.00170419,1
0.05406231,0.00891157,0.0043775,0.01528217,0.12747602,0.11703316,0.28380224,1
0.10979986,0.01026282,0.01059605,0.00895297,0.06015211,0.05342418,0.18627027,1
0.16527426,0.20887221,0.11252367,0.11127653,0.17430452,0.10296969,0.13413255,0
0.00627438,0.0055485,0.02506443,0.20199782,0.35842854,0.02692352,0.0082441,0
0.11366131,0.11171186,0.08010534,0.03988119,0.03431564,0.03335305,0.03003718,0
0.11169374,0.14671858,0.16714564,0.08419932,0.13227211,0.12576512,0.13961479,0
0.02765493,0.03050025,0.09314808,0.2992247,0.2992247,0.2992247,0.20782517,0
0.24204813,0.20031995,0.15989277,0.09700261,0.05136368,0.03232532,0.0354317,0
0.07743414,0.07418831,0.05858715,0.22794552,0.21555716,0.19603761,0.1293433,0
0.31253058,0.10505139,0.077365,0.06882694,0.0645053,0.11655869,0.11668485,0
0.11608302,0.08476147,0.05897126,0.16212159,0.27646619,0.22623998,0.14277831,0
0.08468003,0.0258821,0.13406573,0.31641969,0.2546626,0.12640163,0.09684306,0
0.13656802,0.08010332,0.11262981,0.18028583,0.13061468,0.07597524,0.09333859,0
0.0154286,0.03654394,0.06082533,0.14026065,0.1913081,0.08672345,0.0469035,0
0.14270203,0.20907113,0.23584719,0.10263714,0.23485953,0.18551151,0.07503662,0
0.07603571,0.11717063,0.10939831,0.19572222,0.23350519,0.08940925,0.07811227,0
0.05639795,0.05654539,0.20351666,0.28254783,0.34012276,0.23683117,0.06232066,0
0.09438099,0.10762893,0.26363716,0.26363716,0.26363716,0.12243105,0.26363716,0
0.04782761,0.01833681,0.01231539,0.18675087,0.39079329,0.11666195,0.03183342,0
0.04463159,0.03373255,0.07765678,0.10034031,0.15417662,0.1132609,0.08416948,0
0.19643107,0.03607652,0.01985069,0.04268734,0.08552714,0.05775562,0.10598492,1
0.26370156,0.1303156,0.10027083,0.33409083,0.33409083,0.12585704,0.11324675,1
0.06975061,0.13123485,0.11836,0.11246424,0.30001608,0.05661753,0.03903812,1
0.00793956,0.05784701,0.08023568,0.19785227,0.32966128,0.15953381,0.01938066,1
0.30799967,0.25158513,0.08772314,0.11459088,0.06030796,0.00091871,0.03404121,1
0.06263666,0.0297429,0.06868343,0.10031879,0.20659155,0.1251497,0.14522083,0
0.03531588,0.07038784,0.2029818,0.22878048,0.20291699,0.20313382,0.1020668,0
0.10497595,0.06110334,0.05984545,0.20386112,0.34334227,0.15395705,0.05718642,0
0.05834875,0.14068587,0.29736903,0.34617516,0.31893575,0.15882394,0.0362995,0
0.09180792,0.09377708,0.15693003,0.19975893,0.2670987,0.17959766,0.05404055,0
0.3810696,0.23926468,0.09933197,0.01257896,0.00978758,0.00246167,0.01162131,0
0.00346548,0.00364238,0.01332057,0.14629565,0.40775093,0.17089744,0.01167245,1
0.03179751,0.02763803,0.08070505,0.27263358,0.35200223,0.28605941,0.0517455,1
0.0206612,0.06414779,0.20148322,0.32316384,0.14866406,0.03001736,0.02240203,1
0.04084624,0.12057564,0.0846464,0.223111,0.34784842,0.34784842,0.02985595,1
0.01604043,0.01265331,0.05727548,0.08709832,0.27794409,0.299799,0.30749559,1
0.03097495,0.07629646,0.13219066,0.14154412,0.1543193,0.03452694,0.0404275,0
0.10514739,0.1171549,0.19847152,0.28096053,0.20092203,0.16106977,0.13036388,0
0.07871896,0.02570635,0.03298785,0.09652314,0.14859045,0.11275503,0.15023336,0
0.25325981,0.03658262,0.03093057,0.12412297,0.31469724,0.12487449,0.0791056,0
0.07566202,0.08933225,0.0960919,0.13046974,0.27222174,0.08248654,0.07780046,0
0.00993246,0.00622874,0.04690281,0.2011767,0.31770149,0.10699809,0.03511099,1
0.05321181,0.01058322,0.01792666,0.04759259,0.09334286,0.09526838,0.14227892,1
0.05888893,0.10147807,0.17717513,0.28410563,0.28410563,0.08383053,0.0014023,1
0.00166386,0.00155143,0.00196938,0.03904866,0.40228638,0.22952944,0.01780964,1
0.15249564,0.00784765,0.00517012,0.02108699,0.06040752,0.08701263,0.0960312,1
0.00354882,0.00764361,0.01396366,0.08834974,0.34703645,0.22824779,0.00520619,1
0.03097216,0.06770738,0.11169159,0.29877168,0.33024365,0.06511182,0.0008022,1
0.05882149,0.07564637,0.13127223,0.1217103,0.20750296,0.05275619,0.03706476,1
0.11517284,0.14154655,0.23283932,0.06567776,0.25956464,0.02887183,0.12547836,1
0.12451889,0.00764535,0.02884643,0.16239329,0.36516392,0.22009639,0.1263866,1
0.01780014,0.02719793,0.0749144,0.15368611,0.383926,0.29637769,0.02367609,1
0.00243616,0.00153666,0.04608398,0.29175299,0.38274506,0.118191,0.0100452,1
0.06479295,0.03040402,0.06462389,0.18081537,0.27485541,0.09845459,0.0612485,1
0.03513822,0.05569307,0.16657059,0.4651638,0.39576375,0.16038728,0.10932969,0
0.10386148,0.11372416,0.11375721,0.10112855,0.08932436,0.09598407,0.11212931,0
0.1242623,0.14447492,0.18293571,0.21969192,0.2507526,0.08484695,0.07234154,0
0.01198195,0.01657075,0.02034549,0.09409048,0.16766423,0.11061373,0.08822434,0
0.04999473,0.03725131,0.05237142,0.1810385,0.30605647,0.26092952,0.07359105,0
0.02614631,0.03146202,0.07338095,0.0875603,0.15271014,0.11505713,0.11789092,0
0.3057026,0.18895198,0.06225099,0.09463136,0.24294727,0.11909951,0.08502544,0
0.10842317,0.12876245,0.17619276,0.06419118,0.15069814,0.02534571,0.05369144,0
0.0832947,0.03599229,0.06988701,0.16382414,0.26363471,0.1985573,0.09374069,0
0.00585305,0.00411822,0.04795199,0.15263875,0.3604252,0.17049485,0.01972821,0
0.19162269,0.11743876,0.10687984,0.12270288,0.17802921,0.06759006,0.04571988,0
0.02777856,0.0340274,0.08943077,0.3314862,0.29908189,0.06369963,0.02595161,0
0.0058017,0.0066897,0.13649817,0.38065609,0.20679222,0.03283623,0.00360898,0
0.0124861,0.0287921,0.06943548,0.19870178,0.17277859,0.02375307,0.02044651,0
0.07519603,0.00947097,0.00102617,0.00111725,0.00737234,0.0062073,0.03567535,0
0.08697214,0.05750004,0.19225112,0.37571344,0.41073978,0.12428465,0.10946742,0
0.06230272,0.13448149,0.11716622,0.1279542,0.24132295,0.28667867,0.13447624,0
0.04336589,0.03206974,0.11077351,0.16569068,0.2343089,0.13627766,0.1621155,0
0.30614829,0.21173359,0.06307629,0.01746245,0.02245271,0.00755648,0.02847949,0
0.00941953,0.032884,0.15603846,0.33002457,0.22351336,0.02269555,0.00960451,0
0.03096006,0.0177167,0.2572147,0.40690494,0.40690494,0.07573502,0.00539599,0
0.04337474,0.08585287,0.12252936,0.1417442,0.15407239,0.26868075,0.26868075,0
0.06081841,0.08545968,0.05589497,0.04133942,0.08281576,0.09535772,0.30367813,0
0.28750685,0.0653109,0.04827926,0.05533691,0.13923763,0.08707888,0.05574465,0
0.07138509,0.10569908,0.0913719,0.15256235,0.21907727,0.11938757,0.04402855,0
0.03380948,0.04195062,0.17923075,0.33053416,0.23777191,0.07691425,0.07247969,0
0.00123103,0.0078624,0.03903882,0.13806887,0.36910096,0.15895948,0.0398927,0
0.11105731,0.10620703,0.10114382,0.08728719,0.05988128,0.01487926,0.0107127,0
0.0004403,0.,0.00731287,0.24644272,0.41478673,0.20272,0.01278748,0
0.00304941,0.01170068,0.17229187,0.34904644,0.16032118,0.00618422,0.00174254,0
0.09143542,0.23531939,0.31688112,0.31979671,0.31979671,0.0370597,0.07417714,0
0.00638563,0.01309772,0.01924387,0.13037075,0.29997978,0.23870821,0.15298823,0
0.04262788,0.07515344,0.13014564,0.20497781,0.10574047,0.04077325,0.03771648,0
0.0207233,0.02830472,0.13151467,0.19023444,0.33846983,0.13298348,0.05603634,0
0.00117144,0.00274222,0.0276,0.24994931,0.38375697,0.20905919,0.01045662,0
0.2780326,0.19903557,0.16196933,0.27953345,0.27953345,0.23374432,0.12297846,0
0.08377161,0.04194445,0.06132876,0.02486179,0.1082988,0.04711333,0.29688045,0
0.05716923,0.0982972,0.07271633,0.04409348,0.12686905,0.16768819,0.23373082,0
0.03186605,0.05918433,0.19151317,0.31864995,0.31864995,0.08688398,0.07290502,0
0.24264282,0.13375799,0.08941004,0.04723778,0.09584785,0.13865581,0.12808539,0
0.05607438,0.05290001,0.09038365,0.30774042,0.30774042,0.04631136,0.06298137,0
0.24475695,0.08432293,0.02603854,0.05522056,0.14579208,0.09593688,0.0477575,0
0.11922091,0.15569797,0.16528319,0.28081343,0.19373278,0.18275186,0.08993664,0
0.32267582,0.01669955,0.00408193,0.0113978,0.01314462,0.01755527,0.02376236,0
0.27207151,0.09177484,0.20125729,0.08587416,0.05232197,0.06127157,0.06865934,0
0.01808793,0.00981351,0.04803947,0.1580507,0.16869824,0.03578264,0.01821708,0
0.15201652,0.09793002,0.07982512,0.13359709,0.21141967,0.09254401,0.05287243,0
0.07726861,0.05734248,0.10794862,0.15923405,0.32453507,0.11045706,0.0829836,0
0.10159718,0.18397659,0.23146443,0.2094712,0.21368267,0.1206321,0.11086047,0
0.06304207,0.05946809,0.11976188,0.30413797,0.23905385,0.13255967,0.10205992,0
0.05492278,0.07641377,0.23879331,0.23443733,0.26349732,0.08868361,0.10781829,0
0.08161902,0.10397579,0.12354647,0.2014755,0.19908014,0.17965977,0.15453403,0
0.01375574,0.04664965,0.09592329,0.25389153,0.33507866,0.13264732,0.01498254,0
0.03656686,0.04679731,0.07489739,0.07136752,0.13442808,0.11584807,0.11598804,0
0.02558587,0.09012778,0.27728435,0.40343413,0.24292557,0.05225022,0.02761671,0
0.2979342,0.2979342,0.25405675,0.2536281,0.11847853,0.07374228,0.1504104,0
0.08065971,0.01918902,0.00452928,0.00228041,0.00824469,0.11537738,0.2823402,0
0.12445632,0.04210418,0.05403861,0.03739667,0.04481446,0.01845125,0.01352494,0
0.26587737,0.26587737,0.26587737,0.16839463,0.1616392,0.09070798,0.08150241,0
0.18123768,0.05475465,0.06612219,0.03771461,0.02132835,0.0318637,0.03837194,0
0.15245426,0.22288893,0.07318166,0.11257505,0.19247292,0.14416623,0.11178842,0
0.143447,0.09561814,0.10301729,0.07269247,0.10454857,0.07856499,0.03973464,0
0.02152088,0.07421529,0.17639104,0.31482047,0.35047838,0.15333021,0.03227368,0
0.0806527,0.08099046,0.15939847,0.1044046,0.08484495,0.06805344,0.09520417,0
0.34651792,0.07966691,0.02888403,0.03116467,0.03009554,0.02477931,0.0245496,0
0.01607161,0.01205971,0.01337251,0.20788503,0.32966542,0.32966542,0.10022959,0
0.0337593,0.02933584,0.05793627,0.15912317,0.26259029,0.37299821,0.12573144,0
0.02220563, 9.63412022e-05,0.00520328,0.00383133,0.03008306,0.10466617,0.35267213,0
0.,0.,0.,0.,0.,0.,0.,0
0.,0.,0.,0.,0.,0.,0.,0
0.06410858,0.02430362,0.03049647,0.01309268,0.12189668,0.03699018,0.14732189,0
0.,0.,0.,0.,0.,0.,0.,0
0.,0.,0.,0.,0.,0.,0.,0
0.,0.,0.,0.,0.,0.,0.,0
0.10191254,0.15071848,0.16694438,0.08407548,0.15513361,0.1380688,0.15370768,0
0.34479231,0.34479231,0.14333047,0.01074199,0.02514742,0.00372039,0.00955474,1
0.06046109,0.10522474,0.2299162,0.19092406,0.22379868,0.08026642,0.09340248,1
0.05765479,0.0306181,0.07411098,0.20715348,0.27596068,0.06182116,0.00704723,1
0.07190801,0.01841948,0.04219358,0.12128439,0.10666423,0.07523426,0.08653942,1
0.19347829,0.1202765,0.08977059,0.16319591,0.26189294,0.16499913,0.19939579,1
0.28680855,0.066328,0.01202775,0.00683953,0.01510368,0.04191575,0.07895046,0
0.1097043,0.01533978,0.01828328,0.01527124,0.10886715,0.27053738,0.23259597,0
0.05590875,0.02561049,0.07740843,0.27492186,0.38946208,0.10180331,0.04390919,0
0.21430203,0.20711784,0.10013915,0.02623462,0.02869534,0.07941508,0.1585642,0
0.27097511,0.06979695,0.03828304,0.03133051,0.03137157,0.02918223,0.0128528,0
0.0342936,0.07483976,0.07076424,0.0848211,0.18225458,0.20490909,0.16655432,0
0.06676806,0.26678038,0.24287236,0.20952395,0.17447047,0.02720596,0.01766935,0
0.0003749,0.00155338,0.00431345,0.17635213,0.40485731,0.00175378,0.,0
0.39083683,0.16522923,0.13733682,0.08690842,0.1316638,0.05713898,0.04069157,0
0.06592631,0.12920612,0.18564454,0.29194576,0.26563421,0.11328325,0.03290082,0
0.01368447,0.01587977,0.12319887,0.38394293,0.38394293,0.1425795,0.01415601,0
0.08856336,0.08384661,0.18107057,0.05190246,0.16586444,0.03857066,0.06551415,0
0.18413769,0.04400247,0.07663621,0.00538459,0.08005626,0.02596823,0.08318889,0
0.10477328,0.1031588,0.14283496,0.15842703,0.26527002,0.12791388,0.06123978,0
0.29062548,0.15874572,0.114593,0.15944964,0.23342389,0.19465499,0.12264428,0
0.00644161,0.03629024,0.25267744,0.32368335,0.28823364,0.10158278,0.06340161,0
0.13095176,0.14108965,0.08966494,0.01998489,0.04608562,0.0128778,0.00785109,0
0.06950576,0.07542378,0.07562786,0.03179953,0.13589582,0.12965253,0.08147072,0
0.22715648,0.19530629,0.19023581,0.02482639,0.02500128,0.01201518,0.06534633,0
0.02797835,0.09000494,0.08076818,0.06057457,0.13490929,0.21468809,0.27366185,0
0.26094973,0.05884558,0.00869284,0.00863626,0.02034178,0.02484577,0.05202487,0
0.11442241,0.11492711,0.09663414,0.1558926,0.07800383,0.03607019,0.01980574,0
0.01464456,0.06875761,0.05378678,0.04577829,0.12809642,0.13259007,0.13461089,0
0.09724981,0.07370545,0.15944549,0.07493987,0.15543461,0.0719681,0.06927471,0
0.31228095,0.00173453,0.,0.,0.00215853,0., 9.49555251e-05,0
0.00295806,0.00543708,0.10613781,0.35063457,0.35063457,0.02240916,0.00030199,0
0.00261832,0.,0.00792619,0.35107115,0.35107115,0.00705021, 1.09145697e-06,0
0.09119647,0.07259089,0.0666625,0.10542453,0.12607133,0.31883898,0.13681565,0
0.00047731,0.00101293,0.04366866,0.37824267,0.24093606,0.00047084,0.00034651,0
0.01796158,0.08690191,0.12225825,0.21037826,0.13459958,0.0632643,0.05947573,0
0.00061604,0.00034904,0.00220889,0.0100291,0.45393935,0.20230092, 1.98576545e-05,0
0.15752515,0.05852127,0.06108774,0.07060511,0.11569476,0.10155882,0.13904661,0
0.06239691,0.0755807,0.06754248,0.20335366,0.25477424,0.09685343,0.04167941,1
0.08890966,0.08577462,0.10130719,0.0933532,0.08488082,0.04190658,0.03099397,1
0.01897994,0.0687357,0.03713051,0.300363,0.300363,0.17500424,0.07101881,1
0.03228989,0.06331962,0.11892425,0.34798208,0.34798208,0.17136726,0.04259474,1
0.02591464,0.0374511,0.15165427,0.31916353,0.31916353,0.19613478,0.0462108,1
0.02100866,0.05375099,0.15971686,0.28121296,0.26707011,0.16217327,0.03272901,1
0.01116923,0.01535158,0.12422004,0.34118721,0.34118721,0.08707186,0.05167588,1
0.24531357,0.15251604,0.08912932,0.05396782,0.0537439,0.01993156,0.03601535,1
0.24331605,0.20597847,0.01797327,0.00600591,0.00947413,0.00055775,0.01578347,1
0.24909969,0.13572526,0.03792774,0.01360396,0.01026687,0.00713919,0.02756573,1
0.09124493,0.04283926,0.02121991,0.06059951,0.08418949,0.05595229,0.12073016,1
0.02286791,0.06695341,0.11899892,0.2671704,0.33751103,0.07754371,0.03290245,1
0.02330443,0.024902,0.06052128,0.32597247,0.32597247,0.17644878,0.0167763,1
0.09372505,0.06236307,0.10546533,0.31628367,0.34183964,0.07213113,0.05216603,1
0.035836,0.02336523,0.07024007,0.29173845,0.32844502,0.17816509,0.01442781,1
0.04084873,0.06187204,0.05897627,0.24224725,0.36390054,0.12278656,0.05235652,1
0.13503313,0.03728535,0.03462257,0.17400327,0.33649418,0.11266961,0.02830043,1
0.08448863,0.1430048,0.10848349,0.11089566,0.16436915,0.06208219,0.03941871,1
0.08785411,0.0578969,0.13999063,0.20850497,0.24195835,0.07397739,0.01668354,1
0.08569853,0.07974792,0.21608506,0.20655851,0.31998724,0.08890502,0.01386963,1
0.20704587,0.24825874,0.27024063,0.20763195,0.21382757,0.27024063,0.1692615,1
0.11576475,0.24643591,0.24158145,0.17548314,0.13118196,0.28243932,0.17123257,1
0.09540933,0.17950775,0.28401458,0.15176928,0.13543615,0.20030969,0.28401458,1
0.03320753,0.02322309,0.09626567,0.13830389,0.18187889,0.06648868,0.01739267,1
0.01399945,0.0523989,0.13380532,0.18859991,0.28317958,0.09501329,0.05112163,1
0.00658408,0.04090561,0.15670177,0.24270847,0.27379477,0.13656597,0.02613078,1
0.01399696,0.05111248,0.08722455,0.25619182,0.32580751,0.10012604,0.01246959,1
0.0031892,0.04793157,0.11434313,0.30416679,0.30886337,0.13272044,0.01573025,1
0.01074811,0.02353132,0.09777681,0.32541466,0.32858127,0.13170844,0.0179963,1
0.00588689,0.0088789,0.05766454,0.31726,0.31726,0.09419911,0.03274343,1
0.049746,0.06190243,0.055155,0.02579738,0.07438572,0.01486197,0.0160883,1
0.01668682,0.02805719,0.06192915,0.05180364,0.0614202,0.06221362,0.04873074,1
0.02665923,0.02698614,0.04121919,0.05384044,0.07282446,0.02453088,0.04505976,1
0.05556317,0.06693162,0.17275582,0.21542494,0.15142566,0.11890021,0.07841311,1
0.07072118,0.07386373,0.06901464,0.11632498,0.0909629,0.08360706,0.08978186,1
0.03297124,0.0477939,0.12198444,0.12828434,0.13245423,0.07623878,0.06826124,1
0.05234613,0.07635798,0.15924522,0.17416929,0.10842953,0.1189028,0.0633678,1
0.0846421,0.04879129,0.04068128,0.11029238,0.09041488,0.09543505,0.08670054,1
0.06997146,0.04391294,0.22995491,0.33019164,0.34285909,0.1041554,0.02241779,1
0.01998061,0.06066635,0.0929845,0.34719694,0.34719694,0.07979303,0.02649962,0
0.00414204,0.01009916,0.04003726,0.21248317,0.41043383,0.15590428,0.012471,0
0.05333009,0.07888686,0.10423035,0.10051168,0.11306573,0.09243761,0.06614804,0
0.09090316,0.09000608,0.10273711,0.15334751,0.1905539,0.1081992,0.06100427,0
0.0645508,0.11173464,0.14806323,0.20076942,0.15698449,0.13137886,0.12954104,0
0.08472746,0.10921943,0.08174681,0.04517715,0.03497798,0.02552488,0.0422512,0
0.00257028,0.00315407,0.04107754,0.11467175,0.33338651,0.33338651,0.00035565,0
0.05169704,0.10794678,0.19609834,0.17380539,0.19113953,0.17091218,0.12144078,0
0.09649678,0.1677714,0.20079035,0.25512898,0.27877519,0.32887852,0.13571234,0
0.08901827,0.09097004,0.0943614,0.09107333,0.19780491,0.07834578,0.07593642,0
0.12423844,0.0643996,0.1303338,0.2226401,0.25675902,0.08540605,0.06184967,0
0.14401355,0.26268679,0.34086183,0.1702102,0.21799222,0.03679294,0.01532655,1
0.05777812,0.02173652,0.02877773,0.08186623,0.11653636,0.10268856,0.06057103,1
0.29126269,0.29126269,0.16994135,0.29126269,0.29126269,0.02447166,0.01202189,0
0.33426508,0.08881624,0.00210527,0.00620622,0.011981,0.01649067,0.01802744,1
0.13746177,0.08792722,0.038382,0.01520784,0.0350913,0.02448767,0.04968924,1
0.24658725,0.11446127,0.04845095,0.0172018,0.01778466,0.00387076,0.01363796,1
0.10240379,0.07150097,0.07360981,0.06705924,0.07359809,0.06056311,0.03131134,1
0.14639987,0.09142075,0.12051944,0.03509491,0.07030634,0.05749353,0.030823,1
0.00176069,0.00255316,0.00410455,0.29670137,0.35172069,0.06433523,0.00791351,1
0.02705801,0.0256411,0.04659926,0.08387683,0.27436608,0.0403082,0.0430236,1
0.0909925,0.27046606,0.27046606,0.22857164,0.27046606,0.27046606,0.09723632,1
0.0682888,0.06442042,0.08618396,0.11879798,0.29296747,0.29296747,0.29296747,1
0.01811405,0.0049815,0.02476878,0.05492781,0.2903544,0.31348976,0.22160764,1
0.19239806,0.21898358,0.0925171,0.04419246,0.05966837,0.0090442,0.01832293,1
0.14911589,0.11030792,0.08569589,0.04157405,0.11369625,0.05888892,0.04540085,1
0.08831825,0.08530549,0.04852002,0.08994524,0.23036911,0.30464545,0.14811411,1
0.03996989,0.01259727,0.02480882,0.09720838,0.31148022,0.22654003,0.14586869,1
0.27598035,0.04940383,0.04748926,0.23966718,0.27906632,0.06240478,0.13567382,1
0.01024709,0.01808524,0.05866886,0.1014493,0.11745978,0.15494949,0.10403016,1
0.01252858,0.04078313,0.08423366,0.10574003,0.20976315,0.11028345,0.08151435,1
0.34821925,0.16495244,0.06614108,0.14220476,0.22844255,0.06753373,0.0870669,1
0.03569693,0.08460277,0.11722337,0.19953133,0.29030815,0.21216787,0.12563008,1
0.04831408,0.08712348,0.24844907,0.17547852,0.14136057,0.10053121,0.099136,1
0.36771852,0.0655664,0.1279774,0.13753805,0.19982187,0.10173295,0.05445566,1
0.05297757,0.07155391,0.06551582,0.12578911,0.1303955,0.18105645,0.07665864,1
0.08473122,0.14731207,0.28682807,0.23801553,0.38979176,0.05239604,0.04200409,1
0.29592893,0.36398056,0.28759453,0.2837044,0.14468454,0.03268297,0.02569698,1
0.17525794,0.09530213,0.053435,0.00985617,0.08287293,0.04270443,0.20987186,1
0.26580644,0.18977961,0.15848608,0.11935549,0.22160657,0.18067437,0.2404227,1
0.00973846,0.00892699,0.01839198,0.02786654,0.39275056,0.00357009,0.01156713,1
0.01271105,0.02815359,0.03408775,0.05619572,0.30361015,0.3588396,0.10061164,1
0.08537762,0.06000916,0.13260253,0.22790124,0.24144217,0.07822265,0.08042304,1
0.00296937,0.00070241,0.04769126,0.31616116,0.35029739,0.05731465,0.0157671,1
0.00367488,0.02017861,0.03166799,0.01584127,0.39183563,0.38523394,0.02589565,1
0.35272416,0.00305407,0.,0.,0.00124044, 7.70431870e-06, 9.94725560e-05,1
0.02070273,0.01914235,0.05793364,0.1871466,0.31645748,0.19716865,0.05766237,1
0.20501879,0.15586673,0.12976618,0.19748366,0.30510649,0.26505932,0.15914488,1
0.00747663,0.02082336,0.03021172,0.13094145,0.29972631,0.08983601,0.1058389,1
0.00798253,0.01137722,0.04525537,0.14281309,0.39785516,0.1991756,0.02365403,1
0.06561109,0.03346197,0.10432261,0.26832953,0.28218174,0.12070833,0.03985542,1
0.05790829,0.11173297,0.15585287,0.1087319,0.29407805,0.25147593,0.14363991,1
0.1085465,0.06182251,0.03466792,0.03945251,0.08978819,0.0709457,0.1452972,1
0.00405199,0.00406605,0.02543093,0.02461484,0.10035152,0.02050118,0.02007764,1
0.01992808,0.03054336,0.04296079,0.10269023,0.30308458,0.20268281,0.11271968,1
0.0299791,0.05444461,0.08279262,0.16178674,0.30840421,0.21798138,0.14093748,1
0.00709897,0.04872651,0.28678522,0.37537631,0.18783882,0.00695827,0.,1
0.0245643,0.03152072,0.07936296,0.14120643,0.26254043,0.16555987,0.03196781,1
0.30533546,0.30533546,0.22830047,0.09971482,0.02592481,0.04255208,0.06976146,1
0.11321988,0.14396399,0.16369949,0.13367917,0.15878372,0.14374699,0.08656678,1
0.02286528,0.01538936,0.02860533,0.04567011,0.11456344,0.22559117,0.15904364,1
0.00470107,0.,0.02389613,0.36338958,0.36338958,0.17746086,0.01479902,1
0.0052573,0.00883634,0.07005218,0.38341692,0.38341692,0.18138091,0.04057313,1
0.01150855,0.01961067,0.08771501,0.36062062,0.36062062,0.18824631,0.09158653,1
0.02732529,0.03571632,0.06391561,0.14481558,0.41132626,0.32903275,0.10792188,1
0.20512855,0.27956057,0.20855314,0.05582908,0.04624908,0.00783012,0.01454436,1
0.05154287,0.0209221,0.06197206,0.09601444,0.27231604,0.16780843,0.08208733,1
0.3411018,0.09126326,0.10191695,0.04153911,0.06601595,0.02242376,0.05447949,1
0.12798029,0.01557747,0.025381,0.025005,0.18144542,0.07085853,0.1262283,1
0.24188168,0.12612845,0.0813248,0.05936816,0.17912091,0.12161699,0.11367349,0
0.12951902,0.14131409,0.1236885,0.02151109,0.09616468,0.05270758,0.07847457,0
0.14231123,0.07706521,0.13198835,0.11322939,0.21434702,0.1287566,0.1603391,0
0.28673679,0.09360174,0.06173865,0.06519407,0.14470319,0.02108501,0.0480831,0
0.05700321,0.09240613,0.15305218,0.14344352,0.36472782,0.21566309,0.05384272,0
0.074454,0.07826149,0.0751186,0.07699373,0.3741248,0.10378952,0.12897909,0
0.19682793,0.05890147,0.04519568,0.03662765,0.02761683,0.01103953,0.00832363,0
0.03321347,0.05137302,0.08643007,0.11242902,0.27613479,0.19751474,0.22645186,0
0.16635732,0.16753207,0.08822161,0.03389479,0.14066404,0.10992526,0.15499683,0
0.23784335,0.11765175,0.09434453,0.02615182,0.0594159,0.1008281,0.19542702,0
0.1121626,0.15229073,0.1269974,0.0230244,0.18460906,0.09727786,0.11101642,0
0.16199356,0.02566624,0.01604185,0.02275238,0.02427814,0.00390688,0.0082971,0
0.1157502,0.13104364,0.14703643,0.1199725,0.07457509,0.06042336,0.07859413,0
0.22741622,0.11312506,0.0210972,0.00576699,0.08869646,0.06891995,0.07348368,0
0.13142742,0.03400891,0.02704705,0.02658249,0.05352812,0.05185989,0.12529391,0
0.,0.,0.,0.,0.,0.,0.,0
0.12400963,0.08844187,0.0563867,0.02636061,0.14301644,0.13909015,0.08646772,0
0.25932723,0.20468664,0.18353385,0.11524177,0.02159016,0.02003346,0.00956929,0
0.17765868,0.16880713,0.20822254,0.09272537,0.12240261,0.06254403,0.13518104,0
0.36934453,0.25416169,0.03961711,0.00282621,0.01265666,0.0061836,0.00900006,0
0.10143147,0.05540673,0.04779729,0.01103544,0.11119955,0.08302209,0.12096834,0
0.10843115,0.05307502,0.08248907,0.24126531,0.32962653,0.17067613,0.0870132,0
0.,0.,0.,0.,0.,0.,0.,0
0.027898,0.03491632,0.0527977,0.26121813,0.34715709,0.19428201,0.06007402,0
0.11737112,0.02844343,0.06366634,0.08911937,0.14551401,0.21941207,0.24539892,0
0.23817869,0.11900535,0.0520524,0.04887108,0.07935837,0.02595222,0.06529728,0
0.22462414,0.08812233,0.07266297,0.03453225,0.11295343,0.03233312,0.09971935,0
0.05406562,0.06038301,0.04348045,0.07590766,0.23863988,0.25654963,0.21119782,0
0.19968387,0.22885622,0.16261025,0.14170463,0.15765843,0.10300685,0.0469187,0
0.31812707,0.02822672,0.00143486,0.,0.02188733,0.0058205,0.02623995,0
0.34337339,0.30164182,0.07702594,0.01338612,0.01135889,0.00502401,0.00332673,0
0.04727463,0.0669437,0.08243698,0.09495063,0.11316831,0.21422155,0.07893763,0
0.14377622,0.12786976,0.21866465,0.11130146,0.10978573,0.02465651,0.07251253,0
0.0302352,0.01075568,0.01558157,0.03088276,0.32542562,0.36662516,0.25219327,0
0.19343719,0.0853233,0.06781878,0.0407127,0.02273568,0.00439244,0.01993859,0
0.1023781,0.11554162,0.09666015,0.0613634,0.20411541,0.12418701,0.21472418,0
0.10303306,0.12811708,0.13582771,0.05439284,0.32316166,0.20744032,0.09385756,0
0.21540515,0.08528444,0.0707338,0.01203944,0.22935688,0.10513736,0.12870815,0
0.0042017,0.000397,0.00042398,0.01707104,0.3493633,0.3493633,0.15588281,0
0.,0.,0.,0.,0.,0.,0.,0
0.,0.,0.,0.,0.,0.,0.,0
0.15403271,0.0815815,0.05931758,0.06041875,0.09191317,0.07759577,0.147652,0
0.11491624,0.06734744,0.02694611,0.17999494,0.12975985,0.19417424,0.2666043,0
0.10380822,0.13322397,0.13137023,0.06625209,0.07812733,0.08960996,0.06608056,0
0.25538993,0.13406229,0.21127652,0.25538993,0.24238268,0.18467233,0.04493221,0
0.0648969,0.0442288,0.05042348,0.07631166,0.17391136,0.21289864,0.26349241,0
0.42230454,0.05470669,0.0158692,0.00166675,0.02026398,0.00577457,0.00889224,0
0.10396227,0.05426284,0.10874389,0.05287841,0.07035314,0.04305981,0.11096837,0
0.07269556,0.10943675,0.15550846,0.14847472,0.14246801,0.1378749,0.16224812,0
0.11125712,0.07923839,0.07721861,0.04658493,0.11745409,0.21185672,0.279293,0
0.06419941,0.26213327,0.22193199,0.12176918,0.11247253,0.06468716,0.0374109,0
0.08668107,0.09608819,0.07326168,0.07938009,0.12967741,0.17022087,0.23283903,0
0.,0.,0.,0.,0.,0.,0.,0
0.,0.,0.,0.,0.00125034,0.,0.,0
0.11218508,0.04572956,0.1328796,0.08795276,0.25408438,0.16714706,0.16944554,0
0.13257839,0.07536066,0.05657791,0.,0.29352412,0.03706082,0.12205019,0
0.19443682,0.04567849,0.11927132,0.0592209,0.1721936,0.02513218,0.10098024,0
0.0801042,0.0011688,0.00349747,0.,0.10583591,0.,0.18375169,0
0.,0.,0.,0.,0.,0.,0.,0
0.,0.,0.,0.,0.,0.,0.,0
0.,0.,0.,0.,0.,0.,0.,0
0.,0.,0.,0.,0.,0.,0.,0
0.25345472,0.06294475,0.01890456,0.00995433,0.00579892,0.00613288,0.01625196,0
0.07543216,0.0687305,0.04237553,0.02118822,0.14547977,0.05077294,0.09473319,0
0.09363953,0.04882244,0.0358269,0.04576928,0.07839347,0.11019044,0.35630262,0
0.0103864,0.01294205,0.03299541,0.20470099,0.33921114,0.16348812,0.02771058,1
0.17261149,0.23522943,0.30687627,0.1916689,0.14893454,0.11311034,0.10781597,1
0.15637282,0.33087602,0.33087602,0.10705631,0.10421356,0.04943858,0.07214224,0
0.06150404,0.05844559,0.16861132,0.3403168,0.43445307,0.43445307,0.26404154,0
0.09892599,0.11074848,0.12400016,0.12853797,0.05302598,0.11595321,0.0782389,0
0.05321755,0.05363603,0.07704851,0.16504551,0.29199654,0.14825167,0.06688185,1
0.00790884,0.003844,0.01705613,0.03202107,0.42705598,0.42705598,0.04280718,1
0.23014556,0.13128808,0.14358473,0.11494266,0.16971849,0.12263817,0.11649252,1
0.04218166,0.24169542,0.223667,0.28988817,0.18408419,0.02393009,0.00661807,1
0.03849983,0.0647859,0.03530849,0.18286167,0.44465169,0.04985435,0.04835051,1
0.05569009,0.06653044,0.17542034,0.13226114,0.23324941,0.17189907,0.15083084,1
0.00123857,0.,0.01089901,0.0566602,0.45220685,0.10886443,0.02167117,1
0.37293223,0.1603184,0.11277694,0.1837042,0.10769922,0.02690034,0.02334294,1
0.00090017,0.,0.,0.02698037,0.38630137,0.28316733,0.00866217,1
0.07736909,0.05492031,0.15036583,0.29766151,0.29051346,0.18247548,0.17789736,0
0.00625168,0.02923907,0.05356715,0.25840202,0.35289475,0.11565544,0.00404765,0
0.06379668,0.044164,0.04735064,0.15488002,0.39918113,0.3133409,0.11495332,0
0.32989839,0.24275291,0.09156595,0.08675758,0.10506462,0.13619679,0.13397148,0
0.17271952,0.1438179,0.09155159,0.04982894,0.25278088,0.22311601,0.11962086,0
0.08162042,0.0799192,0.09308191,0.09433891,0.12375602,0.19836557,0.16492185,0
0.05901081,0.01106573,0.02044743,0.14393058,0.31739631,0.26421365,0.14482068,0
0.05886966,0.02710147,0.03563283,0.01204845,0.03661723,0.0490112,0.04312199,0
0.11968589,0.07849972,0.11098566,0.23169167,0.26708516,0.20133117,0.1230653,0
0.29024562,0.08900589,0.01735949,0.03373301,0.06403249,0.02229994,0.0736555,0
0.08840325,0.09592243,0.05226507,0.04586084,0.19017985,0.18863697,0.25740921,0
0.09697828,0.09758379,0.08472886,0.09398491,0.07654884,0.08219681,0.06374694,0
0.22958504,0.10500821,0.04201835,0.03464632,0.04641403,0.01947703,0.02701341,0
0.06902678,0.06083542,0.06885963,0.32866713,0.32866713,0.09755139,0.03511878,1
0.15716015,0.14606291,0.1468834,0.02726913,0.15555194,0.18228438,0.02771827,1
0.01195032,0.0112725,0.04289943,0.10861959,0.15409233,0.10909666,0.08111836,1
0.23576035,0.0161454,0.014998,0.01168669,0.01511913,0.01238637,0.00152032,1
0.13635486,0.33775875,0.24283952,0.09024588,0.0650695,0.00532949,0.01849864,1
0.01490859,0.00689353,0.03251785,0.15655759,0.41357484,0.27053291,0.02972097,1
0.01772862,0.02939517,0.05908772,0.30035943,0.40081716,0.12291652,0.06409923,1
0.26083815,0.12184495,0.15705842,0.15658909,0.35011932,0.2762599,0.03045805,1
0.00999704,0.00511553,0.03142073,0.22838432,0.3685436,0.20699035,0.114172,1
0.00492348,0.02067816,0.04963212,0.27572268,0.32436556,0.16738872,0.09107748,1
0.02455261,0.05635719,0.31370902,0.43399498,0.43399498,0.01106434,0.01096614,1
0.02094649,0.02072121,0.05367713,0.15707332,0.34175184,0.23683497,0.1266271,1
0.05141226,0.05467859,0.16355297,0.48361644,0.48361644,0.04872302,0.01798664,1
0.21775414,0.08976085,0.01745758,0.02321673,0.10803565,0.08245572,0.05892511,1
0.03204193,0.07446331,0.14537756,0.0534265,0.14580733,0.24780338,0.14582814,1
0.03265255,0.03345166,0.01659902,0.06090302,0.07913161,0.04441908,0.01326984,1
0.04447354,0.04835068,0.08515488,0.10728795,0.32198584,0.15222016,0.15136236,1
0.30246571,0.00829796,0.00733548,0.0098673,0.0050785,0.0103004,0.03125918,1
0.11961009,0.06422735,0.15667032,0.15586981,0.18597944,0.25478375,0.10300231,1
0.05222699,0.05575296,0.10269296,0.14578897,0.30120912,0.23232661,0.17606203,1
0.09932119,0.12522139,0.11023134,0.22315052,0.31322211,0.20330593,0.16453831,1
0.11298712,0.09574316,0.12722094,0.1700515,0.26340097,0.17820121,0.07090204,1
0.09026051,0.10320918,0.12170126,0.2237519,0.27553287,0.27945697,0.20069355,1
0.05969796,0.23305225,0.28368583,0.31478164,0.3232542,0.20718433,0.10139539,1
0.06597602,0.08186261,0.09971944,0.12525019,0.23264152,0.07940815,0.05198019,1
0.10492419,0.0955163,0.11367466,0.13255376,0.2330097,0.11285926,0.07147077,1
0.03536937,0.05437973,0.09197589,0.25707227,0.18153846,0.06380594,0.0442484,1
0.05104279,0.11347365,0.14989427,0.14204518,0.1293879,0.12297697,0.06826499,1
0.07584363,0.08050865,0.05607646,0.10370614,0.23981471,0.17655329,0.15747651,1
0.04990621,0.04155091,0.0882566,0.05033742,0.0244563,0.0902475,0.12891394,1
0.3197448,0.09824277,0.08233999,0.11451821,0.06464726,0.13403748,0.14881523,1
0.35008398,0.03165397,0.00381106,0.00129302,0.00446607,0.00248321,0.01523486,1
0.33849621,0.22049434,0.08302689,0.05776596,0.12820961,0.1511391,0.15701692,1
